address,symbol,decimals,name
Fm9rHUTF5v3hwMLbStjZXqNBBoZyGriQaFM6sTFz3K8A,MBS,6,MonkeyBucks
HfYFjMKNZygfMC8LsQ8LtpPsPxEJoXJx4M6tqi75Hajo,CWAR,9,Cryowar Token
BiDB55p4G3n1fGhwKFpxsokBMqgctL4qnZpDH1bVQxMD,DIO,9,Decimated
7Q2afV64in6N6SeZsAAB81TJzwDoD6zpqmHkzi9Dcavn,JSOL,9,JPOOL Solana Token
FTkj421DxbS1wajE74J34BJ5a1o9ccA97PkK6mYq9hNQ,MINECRAFT,9,Synex Coin
So11111111111111111111111111111111111111112,SOL,9,Wrapped SOL
EPjFWdd5AufqSSqeM2qN1xzybapC8G4wEGGkZwyTDt1v,USDC,6,USD Coin
9n4nbM75f5Ui33ZbPYXn59EwSgE8CGsHtAeTH5YFeJ9E,soBTC,6,Wrapped Bitcoin (Sollet)
2FPyTwcZLUg1MDrwsyoP4D6s1tM7hAkHYRjkNb5w6Pxk,soETH,6,Wrapped Ethereum (Sollet)
SRMuApVNdxXokk5GT7XD5cUUgXMBCoAz2LHeuAoKWRt,SRM,6,Serum
EchesyfXePKdLtoiZSL8pBe8Myagyy8ZRqsACNCFGnvp,FIDA,6,Bonfida
MAPS41MDahZ9QdKXhVa4dWB9RuyfV4XqhyAZ8XcYepb,MAPS,6,MAPS
z3dn17yLaGMKffVogeFHQ9zWVcXgqgf3PQnDsNs2g6M,OXY,6,Oxygen Protocol
FtgGSFADXBtroxq8VCausXRr2of47QBf5AS1NtZCu4GD,BRZ,4,BRZ
Es9vMFrzaCERmJfrF4H2FYD4KCoNkY11McCe8BenwNYB,USDT,6,USDT
4k3Dyjzvzp8eMZWUXbBCjEvwSkkk59S5iCNLY3QrkX6R,RAY,6,Raydium
EPeUFDgHRxs9xxEPVaL6kfGQvCon7jmAWKVUHuux1Tpz,BAT,8,Basic Attention Token (Portal)
9LzCMqDgTKYz9Drzqnpgee3SGa89up3a247ypMj2xrqM,AUDIO,8,Audius (Portal)
8HGyAAB1yoM1ttS7pXjHMa3dukTFGQggnFFH3hJZgzQh,COPE,6,COPE
8PMHT4swUMtBzgHnh5U564N5sjPSiUz2cjEQzFnnP1Fo,ROPE,9,Rope Token
ETAtLmCmsoiEEKfNrHKJ2kYy3MoABhU6NQvpSfij5tDs,MEDIA,6,Media Network
StepAscQoEioFxxWGnh2sLBDFp9d8rvKz2Yp39iDpyT,STEP,9,Step
xxxxa1sKNGwFtw2kFn8XauW9xq8hBZ5kVtcSesTT9fW,SLIM,6,Solanium
7xKXtg2CW87d97TXJSDpbD5jBkheTqA83TZRuJosgAsU,SAMO,9,Samoyed Coin
Aw8qLRHGhMcKq7rxs5XBNCd9oe3BvoAhpNMVz7AdGmty,PANDA,9,Panda Coin
ATLASXmbPQxBUYbxPsV97usA3fPQYEqzQBUHgiFCUsXx,ATLAS,8,Star Atlas
poLisWXnNRwC6oBu1vHiuKQzFjGL4XDSu4g9qjz9qVk,POLIS,8,Star Atlas DAO
8ymi88q5DtmdNTn2sPRNFkvMkszMHuLJ1e3RVdWjPa3s,SDOGE,0,SolDoge
9nEqaUcb16sQ3Tn1psbkWqyhPdLmfHWjKGymREjsAgTE,WOOF,6,WOOF
5JnZ667P3VcjDinkJFysWh2K2KtViy63FZ3oL5YghEhW,APYS,9,APYSwap
GfJ3Vq2eSTYf1hJP6kKLE9RT6u7jF9gNszJhZwo5VPZp,SOLPAD,9,Solpad Finance
TuLipcqtGVXP9XR62wM8WWCm6a9vhLs7T1uoWBk6FDs,TULIP,6,Tulip
3FoUAsGDbvTD6YZ4wVKJgTB76onJUKz7GPEBNiR5b8wc,CHEEMS,4,Cheems
5p2zjqCd1WJzAVgcEnjhb9zWDU7b9XVhFhx4usiyN7jB,CATO,9,CATO
FgX1WD9WzMU3yLwXaFSarPfkgzjLb2DZCqmkx9ExpuvJ,NINJA,6,NINJA
orcaEKTdK7LKz57vaAYr9QeNsVEPfiu6QeMU1kektZE,ORCA,6,Orca
METAewgxyPbgwsseH8T16a39CQ5VyVxZi9zXiDPY18m,MPLX,6,Metaplex Token
6cVgJUqo4nmvQpbgrDZwyfd6RwWw5bfnCamS3M9N1fd,SHILL,6,Project SEED Token
6kwTqmdQkJd8qRr9RjSnUX9XJ24RmJRSrU1rsragP97Y,SAIL,6,SAIL
E5ndSkaB17Dm7CsD22dvcjfrYSDLCxFcMd6z8ddCk5wp,RIN,9,Aldrin
GEYrotdkRitGUK5UMv3aMttEhVAZLhRJMcG82zKYsaWB,POTATO,3,POTATO
6Y7LbYB3tfGBG6CSkyssoxdtHb77AEMTRVXe8JUJRwZ7,DINO,6,DINO
4wjPQJ6PrkC4dHhYghwJzGBVP78DkBzA2U3kHoFNBuhj,LIQ,6,LIQ Protocol
DubwWZNWiNGMMeeQHPnMATNj77YZPZSAz2WVR5WjLJqz,CRP,9,CropperFinance
3bRTivrVsitbmCTGtqwp7hxXPsybkjn4XLNtPsHqa3zR,LIKE,9,Only1 (LIKE)
C98A4nkJXhpVZNAZdHUA95RpTF3T4whtQubL3YobiUX9,C98,6,Coin98
Saber2gLauYim4Mvftnrasomsv6NvAuncvMEZwcLpD1,SBR,6,Saber Protocol Token
Lrxqnh6ZHKbGy3dcrCED43nsoLkM1LTzU2jRfWe8qUC,LARIX,6,Larix
mSoLzYCxHdYgdzU16g5QSh3i5K3z3KZK7ytfqcJm7So,mSOL,9,Marinade staked SOL (mSOL)
PoRTjZMPXb9T7dyU7tpLEZRQj7e6ssfAE62j2oQuc6y,PORT,6,Port Finance Token
MangoCzJ36AjZyKwVj3VnYU4GTonjfVEnJmvvWaxLac,MNGO,6,Mango
Ea5SjE2Y6yvCeW5dYTn7PYMuW5ikXkvbGdcmSnXeaLjS,PAI,6,PAI (Parrot USD)
9EaLkQrbjmbbuZG9Wdpo8qfNUEjHATJFSycEmw6f1rGX,pSOL,9,pSOL (Parrot SOL)
7dHbWXmci3dT8UFYWYZweBLXgycu7Y3iL6trKn1Y7ARj,stSOL,9,Lido Staked SOL
ZScHuTtqZukUrtZS43teTKGs2VqkKL8k4QCouR2n6Uo,wstETH,8,Lido Wrapped Staked ETH
2PoF4gqWg97yjJk276yUYaGVkkASE7tqAU7H5faEBkeC,MM,8,Million
DNhZkUaxHXYvpxZ7LNnHtss8sQgdAfd1ZYS1fB7LKWUZ,apUSDT,6,Wrapped USDT (Allbridge from Polygon)
eqKJTf1Do4MDPyKisMYqVaUFpkEFAs3riGF3ceDH2Ca,apUSDC,6,Wrapped USDC (Allbridge from Polygon)
SNSNkV9zfG5ZKWQs6x4hxvBRV6s8SqMfSGCtECDvdMd,SNS,9,SynesisOne
5oVNBeEEQvYi1cX3ir8Dx5n1P7pdxydbGF2X4TxVusJm,INF,9,Infinity
a11bdAAuV8iB2fu7X6AxAvDTo1QZ8FXB3kk5eecdasp,ABR,9,Allbridge
Bn113WT6rbdgwrm12UJtnmNqGqZjY4it2WoUQuQopFVn,aeUSDT,9,Wrapped USDT (Allbridge from Ethereum)
DdFPRnccQqLD4zCHrBqdY95D6hvw6PLWp9DEXj1fLCL9,aeUSDC,9,Wrapped USDC (Allbridge from Ethereum)
MNDEFzGvMt87ueuHvVU9VcTqsAP5b3fTGPsHuuPA5ey,MNDE,9,Marinade
E6UU5M1z4CvSAAF99d9wRoXsasWMEXsvHrz3JQRXtm2X,DGLN,9,Dogelana
7kbnvuGBxxj8AG9qp8Scn56muWGaRaFqxg1FsRp3PaFT,UXD,6,UXD Stablecoin
A9mUU4qviSctJVPJdBJWkb28deg915LYJKrzQ19ji3FM,USDCet,6,USD Coin (Portal from Ethereum)
E2VmbootbVCBkMNNxKQgCLMS1X3NoGMaYAsufaAsf7M,USDCpo,6,USD Coin (Portal from Polygon)
Dn4noZ5jgGfkntzcQSUZ8czkreiZ1ForXYoV2H8Dm7S1,USDTet,6,Tether USD (Portal from Ethereum)
5goWRao6a3yNC4d6UjMdQxonkCMvKBwdpubU3qhfcdf1,USDTpo,6,Tether USD (Portal from Polygon)
EjmyN6qEC1Tf1JxiG1ae7UTJhUxSwk1TCWNWqxWV4J6o,DAI,8,Dai Stablecoin (Portal)
FwEHs3kJEdMa2qZHv7SgzCiFXUQPEycEXksfBkwmS8gj,aaUSDT,9,Wrapped USDT (Allbridge from Avalanche)
Fd8xyHHRjTvxfZrBirb6MaxSmrZYw99gRSqFUKdFwFvw,aaWBTC,9,Wrapped BTC (Allbridge from Avalanche)
AUrMpCDYYcPuHhyNX8gEEqbmDPFUpBpHrNW3vPeCFn5Z,AVAX,9,AVAX (Allbridge from Avalanche)
AURYydfxJib1ZkTir1Jn1J9ECYUtjb6rKQVmtYaixWPP,AURY,9,Aurory
9vMJfxuKxXBoEa7rM12mYLMwTacLMLDJqHozw96WQL8i,UST,6,UST (Portal)
7vfCXTUXx5WJV5JADk17DUJ4ksgau7utNKj4b963voxs,ETH,8,Ether (Portal)
F6v4wfAdJB8D8p77bMXZgYt8TDKsYxLYxH5AFhUkYx9W,LUNA,6,LUNA (Portal)
KgV1GvrHQmRBY8sHQQeUKwTm2r2h8t4C8qt12Cw1HVE,AVAX,8,AVAX (Portal)
8FU95xFJhUUkyyCLU13HSzDLs7oC4QZdXQHL6SCeab36,UNI,8,Uniswap (Portal)
9gP2kCy3wA1ctvYWQk75guqXuHfrEomqydHLtcTCqiLa,BNB,8,Binance Coin (Portal)
HxhWkVpk5NS4Ltg5nij2G671CKXFRKPK8vy271Ub4uEK,HXRO,8,Hxro (Portal)
SAMUmmSvrE8yqtcG94oyP1Zu2P9t8PSRSV3vewsGtPM,SAMU,9,Samusky Token
GfzU1fLASNV3r4NtEyrnwTyTakJkYzoivnaL3Snh45oj,ahUSDT,9,Wrapped USDT (Allbridge from HECO)
SLNDpmoWTVADgEdndyvWzroNL7zSi1dF9PC3xHGtPwp,SLND,6,Solend
Dhg9XnzJWzSQqH2aAnhPTEJHGQAkALDfD98MA499A7pa,SHIBA,9,Shibalana
DYbRXaQcnj44SH9woxvyFdtcKkSoPoCEshRTQDZSjsBm,MARIJUANA,9,Marijuana Joint
FCqfQSujuPxy6V42UvafBhsysWtEq1vhjfMN1PUbgaxA,USDCbs,8,USD Coin (Portal from BSC)
8qJSyQprMC57TWKaYEmetUR3UUiTP2M3hXdcvFhkZdmv,USDTbs,8,Tether USD (Portal from BSC)
BjTUmZjNUUAPKHVdTs8yZsCmecW5isSK4AbuFihXoUwa,PUSSY,9,Pussy
AMNoi4727tzy7adu4wnx3cN2VQbQdG71DqaPoSm7isJ3,BITCH,9,Bitch Of Solana
3in9a9yHtdjDFRjDyGTTpGUwJpT9zZBcyjQ8J7nqqNtq,DoggyStyle,9,Doggy Style
AVKnbqNQgXDY8kbnno9eSGfwpVz5idimBnDKiz1vbWAh,PART,9,Particle
7zhbkbKpGaUsJW7AD4yyAfGGoy53Xx2H3Ai5BKcwGKHw,NOM,0,nom
CiKu4eHsVrc1eueVQeHn7qhXTcVu95gSQmBpX4utjL9z,SHIB,8,SHIBA INU (Portal)
4Hx6Bj56eGyw8EJrrheM6LBQAvVYRikYCWsALeTrwyRU,DYDX,8,dYdX (Portal)
5RpUwQ8wtdPCZHhu6MERp2RGrpobsbZ6MH5dDHkUjs2,BUSDbs,8,BUSD Token (Portal from BSC)
A98UDy7z8MfmWnTQt6cKjje7UfqV3pTLf4yEbuwL2HrH,MODUL,9,Modul
GENEtH5amGSi8kHAtQoezp1XEXwZJ8vcuePYnXdKrMYz,GENE,9,Genopets
sonarX4VtVkQemriJeLm6CKeW3GDMyiBnnAEMw1MRAE,SONAR,9,Sonar Watch
FoXyMu5xwXre7zEoSvzViRk3nGawHUp9kUh97y2NDhcq,FOXY,0,Famous Fox Federation
GLmaRDRmYd4u3YLfnj9eq1mrwxa1YfSweZYYZXZLTRdK,SOLAB,9,Solabrador
EswgBj2hZKdgovX2ihWSUDnuBg9VNbGmSGoH5yjNsPRa,PHY,9,Physis
4tJZhSdGePuMEfZQ3h5LaHjTPsw1iWTRFTojnZcwsAU6,ELU,9,Elumia Crowns
EzL6LLmv4vgfF7irkjG7ZxM92bTJ9f6nFopDXJTow7zj,CONDOMS,9,Solana Condoms
AD27ov5fVU2XzwsbvnFvb1JpCBaCB5dRXrczV9CqSVGb,REAL,9,Realy Token
DmXfDUeyRJqnpvdjssGgUXwZrRFPXvu2DfMq4jfTTC9C,WEENS,0,Ween
CASHVDm2wsJXfhj6VWxb7GiMdoLc17Du7paH4bNr5woT,CASH,6,Cashio Dollar
3Ysmnbdddpxv9xK8FUKXexdhRzEA4yrCz8WaE6Za5sjV,EDX,9,edeXa Service Token
DFL1zNkaGPWm1BqAVqRjCZvHmwTFrEaJtbzJWgseoNJh,DFL,9,DeFi Land
HCgybxq5Upy8Mccihrp7EsmwwFqYZtrHrsmsKwtGXLgW,STARS,6,StarLaunch
88881Hu2jGMfCs9tMu5Rr7Ah7WBNBuXqde4nR5ZmKYYy,sUSDC-8,8,Saber Wrapped USD Coin (8 decimals)
9999j2A8sXUtHtDoQdk528oVzhaKBsXyRGZ67FKGoi7H,sBTC-9,9,Saber Wrapped Bitcoin (Sollet) (9 decimals)
C9xqJe3gMTUDKidZsZ6jJ7tL9zSLimDUKVpgUbLZnNbi,sCASH-9,9,Saber Wrapped CASH (9 decimals)
FTT9GrHBVHvDeUTgLU8FxVJouGqg9uiWGmmjETdm32Sx,swFTT-9,9,Saber Wrapped FTT (Portal) (9 decimals)
JEFFSQ3s8T3wKsvp4tnRAsUBW7Cqgnf8ukBZC4C8XBm1,sUSDC-9,9,Saber Wrapped USD Coin (9 decimals)
KUANeD8EQvwpT1W7QZDtDqctLEh2FfSTy5pThE9CogT,srenLUNA-9,9,Saber Wrapped renLUNA (9 decimals)
6uZ7MRGGf3FJhzk9TUk3QRMR2fz83WY9BEVBukRvMRVX,NANA,9,NANA
8XSsNvaKU9FDhYWAv7Yc7qSNwuJSzVrXBNEk7AFiWF69,abUSDC,9,Wrapped USDC (Allbridge from BSC)
5gs8nf4wojB5EXgDUWNLwXpknzgV2YWDhveAeBZpVLbp,XTAG,6,xHashtag Token
FdvkkCbCgYht1xTR1W9MBJhEF1JEPVhHtW1NXBYRzZts,afBTC,9,Wrapped BTC (Allbridge from Fantom)
BiryxNvVTABRs3pEE4fvVuu4d17aAYEsNmcPnJ8E8WeT,afETH,9,Wrapped ETH (Allbridge from Fantom)
Grk6b4UMRWkgyq4Y6S1BnNRF4hRgtnMFp7Sorkv6Ez4u,afUSDC,9,Wrapped USDC (Allbridge from Fantom)
7rmV64vLfbrbS5rTFvojYWzCVEn8dnJ9RfSRx3nD6C5E,MARIO,4,Super Mario
G9tt98aYSznRk7jWsfuz9FnTdokxS6Brohdo9hSmjTRB,PUFF,9,PUFF
AFbX8oGjGpmVFywbVouvhQSRmiW2aR1mohfahi4Y2AdB,GST,9,GST
7i5KKsX2weiTkry7jA4ZwSuXGhs5eJBEjY8vVxR4pfRx,GMT,9,GMT
HnZiKrSKYQkEfzjQs6qkvuGbBmrBP9YzjB1SMM7tiGZ1,SUCH,9,Such Shiba
HHjoYwUp5aU6pnrvN4s2pwEErwXNZKhxKGYjRJMoBjLw,PIP,9,PIP
GWsZd8k85q2ie9SNycVSLeKkX7HLZfSsgx6Jdat9cjY1,PCN,9,Pollen Coin
NFTUkR4u7wKxy9QLaX2TGvd9oZSWoMo4jqSJqdMb7Nk,BLOCK,6,Blockasset
6c4L5nTH2sBKkfeuP3WhGp6Vq1tE4Suh4ezRp5KSu8Z7,FANI,9,FANITRADE
GEJpt3Wjmr628FqXxTgxMce1pLntcPV4uFi8ksxMyPQh,daoSOL,9,daoSOL Token
CRWNYkqdgvhGGae9CKfNka58j6QQkaD5bLhKXvUYqnc1,CRWNY,6,Crowny token
Basis9oJw9j8cw53oMV7iqsgo6ihi9ALw4QR31rcjUJa,BASIS,6,basis
A7rqejP8LKN8syXMr4tvcKjs2iJ4WtZjXNs1e6qP3m9g,Zion,9,Zion
SHDWyBxihqiCj6YekG2GUr7wqKLeLAMK1gHZck9pL6y,SHDW,9,Shadow Token
3KTkQJEMJXP741EJBFcAS34Lx9t8GsBYaW2BUUWkeyDH,CC,9,Castle Coin
MEANeD3XDdUmNMsRGjASkSWdC8prLYsoRJ61pPeHctD,MEAN,6,MEAN
3e9pHUxa2nvAqso2Kr2KqJxYvZaz9qZLjoLaG77uQwB1,BAIL,9,BAIL COIN
At5j3zhbEj8mfFsSy1MPbjVhrX2uNmRMPEDZiyFcETNX,BRWNDO,4,BRAWNDO
FmpqmVcT4hSUfNhach31YUpf6M75bBYaC59JLMyCVNHH,GOOSE,9,Mongoose
PRSMNsEPqhGVCH1TtWiJqPjJyh2cKrLostPZTNy1o5x,PRISM,6,PRISM
3UCMiSnkcnkPE1pgQ5ggPCBv6dXgVUy16TmMUe1WpG9x,ALEPH,8,Aleph.im (Portal)
bSo13r4TkiE4KumL71LsHTPpL2euBYLFx6h9HP3piy1,bSOL,9,BlazeStake Staked SOL (bSOL)
GzpRsvnKXKz586kRLkjdppR4dUCFwHa2qaszKkPUQx6g,LOOT,6,LOOT
SuperbZyz7TsSdSoFAZ6RYHfAWe9NmjXBLVQpS8hqdx,SB,6,SuperBonds Token
F3nefJBcejYbtdREjui1T9DPh5dBgpkKq7u2GAAMXs5B,AART,6,ALL ART
METAmTMXwdb8gYzyCPfXXFmZZw4rUsXX58PNsDg7zjL,SLC,6,Solice
boomh1LQnwDnHtKxWTFgxcbdRjPypRSjdwxkAEJkFSH,BMA,9,Boom Army
94jMUy411XNUw1CnkFr2514fq6KRc49W3kAmrjJiuZLx,SYXT,9,SolanyxToken
674PmuiDtgKx3uKuJ1B16f9m5L84eFvNwj3xDMvHcbo7,$WOOD,9,Mindfolk Wood
AAXng5czWLNtTXHdWEn9Ef7kXMXEaraHj2JQKo7ZoLux,DGE,9,DarleyGo Essence
DsVPH4mAppxKrmdzcizGfPtLYEBAkQGK4eUch32wgaHY,GXE,9,Galaxy Essential
ATZERmcPfopS9vGqw9kxqRj9Bmdi3Z268nHXkGsMa3Pf,FONE,2,Fone
nosXBVoaCTtYdLvKY6Csb4AC8JCdQKKAaWYtx2ZMoo7,NOS,6,Nosana
A1KWZzcUrsX9MAsL8XtZkuS4RX6fjZazc7K5UoX42M3M,ARTZ,4,Artozo
CKaKtYvz6dKPyMvYq9Rh3UBrnNqYZAyd7iF4hJtjUvks,GARI,9,Gari
pH5wWJc3KhdeVQSt86DU31pdcL9c8P88x2FQoKEJVHC,BXS,9,Bancambios AX
CkD9GDPqME11zrFt7Lk51jdQSuPmP1nRULUWbBYj2Ngq,B4C,6,b4c meme coin
CASHedBw9NfhsLBXq1WNVfueVznx255j8LLTScto3S6s,sCASH-8,8,Saber Wrapped Cashio Dollar (8 decimals)
EU9aLffrTckFCs16da6CppHy63fAxMPF9ih1erQTuuRt,sagEUR-9,9,Saber Wrapped agEUR (Portal) (9 decimals)
GNCjk3FmPPgZTkbQRSxr6nCvLtYMbXKMnRxg8BgJs62e,CELO,9,CELO (Allbridge from Celo)
EsPKhGTMf3bGoy4Qm7pCv3UCcWqAmbC1UGHBTDxRjjD4,FTM,9,FTM (Allbridge from Fantom)
HovGjrBGTfna4dvg6exkMxXuexB3tUfEZKcut8AWowXj,FCON,4,Space Falcon
76DThuyLHagfkm2ssYw6Lv7k3MYHx6tXcwPBLU9tXm4D,BASIC,9,Basic Tokens
DiWunPY8GfsFthdDAwiRRtCgKCB5AEcFx9edDpxZoTyo,GMORNN,9,gmornn
HBB111SCo9jkCejsZfz8Ec8nH7T6THF8KEKSnvwT6XK6,HBB,6,Hubble Protocol Token
F2CcdH4uXVL6vwutkFMtHWFaj87dYSh9WMWNqzsMmTUG,ENC,9,crypt
USDH1SM1ojwWUga67PGrgFWUHibbjqMvuMaDkRJTgkX,USDH,6,USDH Hubble Stablecoin
EGiWZhNk3vUNJr35MbL2tY5YD6D81VVZghR2LgEFyXZh,BIT,9,BIT Token
CY2E69dSG9vBsMoaXDvYmMDSMEP4SZtRY1rqVQ9tkNDu,NFD,8,Feisty Doge NFT
Taki7fi3Zicv7Du1xNAWLaf6mRK7ikdn77HeGzgwvo4,TAKI,9,Taki
DUSTawucrTsGU8hcqRdHDCbuYhCPADMLM2VcCb8VnFnQ,DUST,9,DUST Protocol
H1QvHLhmk4rL36FBphnFUaQszf6RHGU8RLptPSuPcQwX,BUGS,9,BUGS
5XiE2JApnDwGc24PSY7y7stD4JxStkYPAH5tFVKAcrow,ORIA,2,Memoria
CBV12y1pehFbhdnDpUfgPe88SbUZ5G2s1kLA449Yu3Ad,GUARD,6,VANGUARD
BdZPG9xWrG3uFrx2KrUW1jT4tZ9VKPDWknYihzoPRJS3,prtSOL,9,prtSOL (Parrot Staked SOL)
GVsdtSe3E2fQoP3TzNT2M1VUchJ7sBmDBuvBZmGDGvmB,PEEL,9,PEEL
68RRPuZQrrw3whXHm9LSyC4y8iLrjkTm5Brc2tUMLNPw,CLAN,9,Clan Token
8ZepSXp47WFyDK21QbvMiiKVWRHnGrAegiwDr71PfGi3,$ROBO,9,ROBO Coin
5yw793FZPCaPcuUN4F61VJh2ehsFX87zvHbCA4oRebfn,RICE,2,RICE
hone3CJTYjczb5nJh45KCNMkjrKMt7SCnHkWGWsVfVu,HONE,0,Yokoito Crew Hone
B8wCsjSv3TDZcaLuhPZNDvpk2vuBtRgpgmTuvoDAJZZ7,CHIMP,9,Chimp
EcQCUYv57C4V6RoPxkVUiDwtX1SP8y8FP5AEToYL8Az,WLKN,9,Walken
GpQLC7KnNgAvEpamfWi1AWFdXECZ1eQetvFYTuETLZC7,SPM,9,SchimmelPeter Monster
2Tp4hCJ24aRnsLShz9U96VtTSDHuaKL7eD7vj8Stvxhn,HENDX,6,Hendrix Token
Code7hV6DaK5Werof8c7vPwBxLvhmEWVUbU2AfhBZArB,CODE,6,Code
H3pWoh5Te12nHYVSQm1vQC6aAn2EbADj8zit23jP2jX3,FAC,9,FAC FUD Token
de1QJkP1qDCk5JYCCXCeq27bQQUdCaiv7xVKFrhPSzF,DELFI,6,DeltaFi Token
GmY2Rp9t5S4yD5jhgJrc47VSAa6hQiikkYi3sr9HLNZr,BLEEP,4,BLEEP
HuMShjViKhcfihmHkgvctcFAyeyxAk8hK5K58zWpuRKf,DREAM,9,DREAM TOKEN
EeLpRX4pgS4zPTQQfoHqqhBvoLzL83wPExmQoG5e1hnb,CRAFT,9,CRAFT COIN
7TQTpG1qBvE9ui7J9yQWKFAYpQahkaKPKqGTsqSm1wUv,GV,9,Good Vibes
Ao94rg8D6oK2TAq3nm8YEQxfS73vZ2GWYw2AKaUihDEY,$CRECK,9,CRECK
4NJ1L4LHSbJpk4h4rHQnJNKZbRSYticS8sQVPbGHsj33,BNCE,9,BOUNCER
wrBTCqVjkpqktbqN3CeGVSzQ9PFiPonHN98uwEpwMsy,wrBTC,6,Wrapped BTC (Player 2)
7FntsntzGjK9PzPBbHLDJAFcKQVU14d2SbQZhgMUf2KA,TOCO,2,TownCoin
9WMwGcY6TcbSfy9XPpQymY3qNEsvEaYL3wivdwPG2fpp,JELLY,6,Jelly
7s6NLX42eURZfpyuKkVLrr9ED9hJE8718cyXFsYKqq5g,GEAR,9,Gear Token
3rH1toffQAELHo5vyRKdwEFxhPTZA7ocfRdJK2c8txoJ,FamSOL,9,FamilySOL
BLAAD2QLUgRSbQ9AB9jqAoHh55cGVcSBaCH9JGBh2zDX,BLOOD,0,DRACULA GAME BLOOD
CRSzWoeyfR8sJxB2d6LLEre92Uc59TCPX2gZidp4t3eE,AGVZ,9,Agave Zwolf
BYPsjxa3YuZESQz1dKuBw1QSFCSpecsm8nCQhY5xbU1Z,NEAR,9,NEAR (Allbridge from Near)
8BLiujyxu5gJajWBXoZQkwSsamdeHNKWQbu1ApAao8Ps,ACA,6,Acacia
48FCZmKZw3iJcvuAMMShWRSimJ9DN2BBN4exgRpTp5WG,TRIT,6,Trit
TKMKgSh3aADsmjr4yFWG52tkCQvmDxsQC1he1aBsi65,TKMK,9,TOKAMAK ON SOLANA
PRiME7gDoiG1vGr95a3CRMv9xHY7UGjd4JKvfSkmQu2,PRIME,9,SolanaPrime
NovNrxPNjmLVFscH5rjMbec7C4BdAHms9WK21xjsP3p,NOVAX,9,NOVAX
A3HyGZqe451CBesNqieNPfJ4A9Mu332ui8ni6dobVSLB,WOOP,5,WOOP
2Dm1zu8ERJGBs3NLXt8s8Vor3YHwJye5E2pYhLiMHU4L,REAP,9,REAP
USDrbBQwQbQ2oWHUPfA8QBHcyVxKUq1xHyXsSLKdUq2,USDr,6,Ratio stable Token
BKipkearSqAUdNKa1WDstvcMjoPsSKBuNyvKDQDDu9WE,HAWK,6,Hawksight
idoLztG5ZGMVEjjoQWjeSu2eVkVsp3YnrFZKf7dNi4j,IDOLZ,9,IDOLZ Token
FoRGERiW7odcCBGU1bztZi16osPBHjxharvDathL5eds,FORGE,9,FORGE
SPraYi59a21jEhqvPBbWuwmjA4vdTaSLbiRTefcHJSR,SPRAY,4,SPRAY
ANAxByE6G2WjFp7A4NqtWYXb3mgruyzZYg3spfxe6Lbo,ANA,6,ANA
DfgYfvfW8cWumofEgRZsAYHhZVDgQbu9z8sGwcKahSho,CARTEL,9,Cartoon Cartel Token
3Dy8KFyvpUJ8nfRCbvk4HLWjNRRzxiVhTeE9PQF9RARD,ARNM,6,Arenum
CZY2dDTb86ARthiLP47hpmEgX1h82XCEr51XWQ5GsZoj,UMF,6,UMF
4id3Lrw5BJruX7VQ3iRbmpnt8JHYKEkFd47j9NFgirFp,UREP,9,UNIVERSAL REPVBLIK TOKEN
rainH85N1vCoerCi4cQ3w6mCf7oYUdrsTFtFzpaRwjL,RAIN,5,Rain Token
ETbxzGvuzVrCxVN7cNoT6QBEYwFLBwMUwSYX6pUdHyep,sTZC,6,Trezarcoin
LFNTYraetVioAPnGJht4yNg2aUZFXR776cMeN9VMjXp,LFNTY,6,Lifinity
xLfNTYy76B8Tiix3hA51Jyvc1kMSFV4sPdR7szTZsRu,xLFNTY,6,xLifinity
ANqY8h3sRSwkC29FvGJenAh7VGRABVVx7Ls6Mq4BuGT,ZIG,9,ZIG Coin
CUvVMqXAcyFJnwMhojQ9jmGuWrijGt26HfY7b99dyBeB,FLWRS,6,FLWRS Token
FmQ7v2QUqXVVtAXkngBh3Mwx7s3mKT55nQ5Z673dURYS,DARK,9,Dark Protocol
87rSGrpYdmTxfNBf8o2cpyiNcxCmNhUPBXjT8aoyfob5,ENX,9,Equinox
23WuycvPjEuzJTsBPBZqnbFZFcBtBKAMTowUDHwagkuD,GEAR,0,Starbots GEAR
8c71AvjQeKKeWRe8jtTGG1bJ2WiYXQdbjqFbUfhHgSVk,$GARY,9,GARY
Do5AbqdEbj742B2Cm8BypAGg3h1skLaAVTbT2mLRcW8c,HALO,9,HALO
5PmpMzWjraf3kSsGEKtqdUsCoLhptg4yriZ17LKKdBBy,HDG,9,Hedge Token
3swraHsc77KMg1tFvwH3tfYcd8SWr5fcUhtmRxjavG7H,KS,9,KALISTEN - Train To Earn
TRENpVRAR9LiZgyYv9zWrQwYqSHa7ThCYdbpFCJixj1,TREN,9,Trenbolone
BjZ5Hazjyp9LrzfapAHYZuceWm6zJZDqMH1QPCWtsouq,AERA,9,Aera Token
EmvtEzATa3n766yxojGZJmpSzkTxsCdDSX2zgRMZEoaQ,rPWNG,9,Random Pawnshop Gnomies
4PhPtyBhmMYBLjiJPr3wef2syoMSJYn5WcNgXxvmG3NZ,rPUNK,9,Random Solpunks
DGXtHxKMFhb82RsqihyEHksgWWe3DXBXEvKjz24JruAP,WOB,9,WOB Token
7vVRYg24HvVmgxV4neAog66GjW6aCUwnArvjDn6bgrX5,NECTAR2,9,NECTAR2 Token
AG5j4hhrd1ReYi7d1JsZL8ZpcoHdjXvc8sdpWF74RaQh,svtOKAY,8,Okay Bears Solvent Droplet
Ca5eaXbfQQ6gjZ5zPVfybtDpqWndNdACtKVtxxNHsgcz,svtSMB,8,Solana Monkey Business Solvent Droplet
DCgRa2RR7fCsD63M3NgHnoQedMtwH1jJCwZYXQqk9x3v,svtDGOD,8,DeGods Solvent Droplet
6F5A4ZAtQfhvi3ZxNex9E1UN5TK7VM2enDCYG1sx1AXT,svtDAPE,8,Degenerate Ape Academy Solvent Droplet
CT1iZ7MJzm8Riy6MTgVht2PowGetEWrnq1SfmUjKvz8c,svtBV,8,Balloonsville Solvent Droplet
xStpgUCss9piqeFUk2iLVcvJEGhAdJxJQuwLkXP555G,xSTEP,9,Staked Step
CH74tuRLTYcxG7qNJCsV9rghfLXJCQJbsu7i52a8F1Gn,SOLX,9,Soldex
76ijxiMkj4DX8q9QMtqpzTxFnT4KPmWv47sZf2kKoVwk,QF,9,QuietFire
FnVPD3fRutXcibEHDYP1gv8kuYJx2SNCi2EizcAsR4wN,CMP,9,Camp Coin
skuLLY6NHFrjL3oGpWMrrwjCfWMSvwp6AD7resMF9m7,SUMMON,0,Skullbots
B7mXkkZgn7abwz1A3HnKkb18Y6y18WcbeSkh1DuLMkee,fUSD,8,Synthetic USD (Fabric)
BoeDfSFRyaeuaLP97dhxkHnsn7hhhes3w3X8GgQj5obK,svtFFF,8,Famous Fox Federation Solvent Droplet
yso11zxLbHA3wBJ9HAtVu6wnesqz9A2qxnhxanasZ4N,ySOL,9,Synatra Staked SOL
DSXWF79VQ3RzFBB67WeNfCzfzAQq5X6m97zi85bq1TRx,WHALES,2,Catalina Whale Mixer Floor Index
GtLBsmS6Z4FC9gmnCFS2ZzCKmb9vYL3kELnjVmxHurnh,ENG,2,ENG Token
J1toso1uCk3RLmjorhTtrVwY9HJ7X8V9yYac6Y7kGCPn,JitoSOL,9,Jito Staked SOL
DezXAZ8z7PnrnRJjz3wXBoRgixCa6xjnB7YaB1pPB263,Bonk,5,Bonk
kinXdEcpDQeHPEuQnqmUgtYykqKGVFq6CeVX5iAHJq6,KIN,5,KIN
5yxNbU8DgYJZNi3mPD9rs4XLh9ckXrhPjJ5VCujUWg5H,FRONK,5,Fronk
DeoP2swMNa9d4SGcQkR82j4RYYeNhDjcTCwyzEhKwfAf,DEO,9,Deo
BWXrrYFhT7bMHmNBFoQFWdsSgA3yXoAnMhDK6Fn1eSEn,HADES,9,Hades
LAinEtNLgpmCP9Rvsf5Hn8W6EhNiKLZQti1xfWMLy6X,laineSOL,9,Laine Stake
F9CpWoyeBJfoRB8f2pBe2ZNPbPsEE76mWZWme3StsvHK,PEPE,6,Pepe
Doggoyb1uHFJGFdHhJf8FKEBUMv58qo98CisWgeD7Ftk,DOGGO,5,DOGGO
H1G6sZ1WDoMmMCFqBKAbg9gkQPCo1sKQtaJWz9dHmqZr,SBONK,9,SHIBONK
4vMsoUT2BWatFweudnQM1xedRLfJgJ7hswhcpz4xgBTy,HONEY,9,HONEY
GPyzPHuFFGvN4yWWixt6TYUtDG49gfMdFFi2iniTmCkh,CHILI,2,CHILI
CvB1ztJvpYQPvdPBePtRzjL4aQidjydtUz61NWgcgQtP,EPCT,6,Epics Token
3NZ9JMVBmGAqocybic2c7LQCJScmgsAZ6vQqTDzcqmJh,WBTC,8,Wrapped BTC (Portal)
FNMLmBPkhh7nBFyGHsdrmCuvgEf6ygpaVqFejimHEx9V,vBLSH,9,vBLSH
31k88G5Mq7ptbRDf3AM13HAq6wRQHXHikR8hik7wPygk,GP,9,Graphite
CgnTSoL3DgY9SFHxcLj6CgCgKKoTBr6tp4CPAEWy25DE,cgntSOL,9,Cogent SOL
5HsZR8eG7QpQcN8Mnp8oFdENRkJMP9ZkcKhPSCKTJSWh,MRC,9,Moon Roll Coin
3acxNNmfdKKZj9i35P4VDBFm74Ufdt8ojKWceVGynwC5,GM,4,GM
hntyVP6YFm1Hg25TN9WGLqM12b8TQmcknKrdu1oxWux,HNT,8,Helium Network Token
mb1eu7TzEc71KxDpsmsKoucSSuuoGLv1drys1oP2jh6,MOBILE,6,Helium Mobile
iotEVVZLEywoTn1QdwNPddxPWszn3zFhEot3MfL9fns,IOT,6,Helium IOT
HxRELUQfvvjToVbacjr9YECdfQMUqGgPYB68jVDYxkbr,NANA,9,NANA Token
Fishy64jCaa3ooqXw7BHtKvYD8BTkSyAPh6RNE3xZpcN,FISHY,6,FISHY by sharky.fi
J9BcrQfX4p9D1bvLzRNCbMDv8f44a9LFdeqNE4Yk2WMD,ISC,6,International Stable Currency
AZsHEMXd36Bj1EMNXhowJajpUXzrKcK57wW4ZGXVa7yR,GUAC,5,Guacamole
SCSuPPNUSypLBsV4darsrYNg4ANPgaGhKhsA3GmMyjz,SCS,5,Solcasino Token
gso1xA56hacfgTHTF4F7wN5r4jbnJsKh99vR595uybA,GSOL,9,Sunrise gSOL
5MAYDfq5yxtudAhtfyuMBuHZjgAbaS9tbEyEQYAhDS5y,ACS,6,Access Protocol
CKfatsPMUf8SkiURsDXs7eK6GWb4Jsd6UDbs7twMCWxo,BERN,5,BonkEarn
4F2yutcbkabE5MJoDvrDLa5U2re5HPABSCVKA7vqrKcH,REJECT,2,REJECT Token
AmgUMQeqW8H74trc8UkKjzZWtxBdpS496wh4GLy2mCpo,TOKE,3,Mycelium McToken
GDfnEsia2WLAW5t8yx2X5j2mkfA74i5kwGdDuZHt7XmG,CROWN,9,CROWN Token
5qKDWkBejLtRh1UGFV7e58QEkdn2fRyH5ehVXqUYujNW,SCOIN,9,Sdrive Coin
6DNSN2BJsaPFdFFc1zP37kkeNe4Usc1Sqkzr9C9vPWcU,tBTC,8,Threshold Bitcoin
BLZEEuZUBVqFhj8adcCFPJvPVCiCyVmh3hkJMrU8KuJA,BLZE,9,Blaze
2VhjJ9WxaGC3EZFwJG9BDUs9KxKCAjQY4vgd1qxgYWVg,EUROe,6,EUROe Stablecoin
kiraZUmSnzgfVfhrdvNj6hxHFaPFTTUk8ioY98cbh6G,KIRA,9,KIRA
BaoawH9p2J8yUK9r5YXQs3hQwmUJgscACjmTkh8rMwYL,ALL,6,AllDomains
LSTxxxnJzKDFSLr4dUkPcmCf5VyryEqzPLz5j4bpxFp,LST,9,Liquid Staking Token
BqVHWpwUDgMik5gbTciFfozadpE2oZth5bxCDrgbDt52,OPOS,9,Only Possible On Solana
94XduSfSnyas7jAEFSJSXiCi1xQ4mENWcii1aCvjVuqu,JIMMY,9,JIMMY
9CPWiCFL11DWr92dsTrzLf5cKz6zKhLz3xzRcYCQ3Nd2,UPT,6,UPTOBER
Eh1fXbAipe4k7CYR9UMb2bbWmBcpU3HcyX3LWuRVFBLz,FM,4,Flowmatic
rndrizKT3MK1iimdxRdWabcF7Zg7AR5T4nud4EkHBof,RENDER,8,Render Token
n54ZwXEcLnc3o7zK48nhrLV4KTU5wWD4iq7Gvdt5tik,PEEP,6,Peepo
FLUXBmPhT3Fd1EDVFdg46YREqHBeNypn1h4EbnTzWERX,FLUXB,5,FluxBot
27G8MtK7VtTcCHkpASjSDdkWWYfoqT6ggEuKidVJidD4,JLP,6,Jupiter Perps
HZ1JovNiVvGrGNiiYvEozEVgZ58xaU3RKwX8eACQBCt3,PYTH,6,Pyth Network
HhJpBhRRn4g56VsyLuT8DL5Bv31HkXqsrahTTUCZeZg4,$MYRO,9,Myro
to1yVXiNRMVVgS8i54Yjj3xB51MTorFrCMz7N8cirbK,TOLY,9,Anatoly Coin
DDti34vnkrCehR8fih6dTGpPuc3w8tL4XQ4QLQhc3xPa,LSD,9,Liquid Solana Derivative 42069
3dgCCb15HMQSA4Pn3Tfii5vRk7aRqTH95LJjxzsG2Mug,HXD,9,Honeyland
65nTNuJGHme4PQvKQyJykKp1bJAkK4A8Q66sd2yBWugf,RBT,6,RIBBIT
HeqCcMjmuV5s25J49YiJyT6bD5qWLkP88YPajBySniaV,PONK,5,Ponk
2cpCdyVCpxzwYWFhFqgMJqxnMgEMDGohHUQuf4ppWuAH,TROG,6,Thug Frog
2x8o3hA5S5fBxCSE9hzVTf3RohcMWHqkDNKNEPuzprD5,STBOT,9,SolTradingBot
9U8Bn6zAf6Wyp1YHdXtLyfbN7yMvdvW1qQY475iZ5ftZ,GIGS,4,GigaDAO
FabjHjc1druUQoHVtudpNiCpnf73rtLzMkRM1b5NSbb6,D/ACC,9,D/ACC
2ZE6hSL36e44wP168YMnxrbi1CSCFuD2BJm7NoNHfsmN,SOBER,9,Solabrador
6DSqVXg9WLTWgz6LACqxN757QdHe1sCqkUfojWmxWtok,CORN,7,Solanacorn
H7ed7UgcLp3ax4X1CQ5WuWDn6d1pprfMMYiv5ejwLWWU,CHONKY,6,CHONKY
HJ39rRZ6ys22KdB3USxDgNsL7RKiQmsC3yL8AS3Suuku,UPDOG,9,What's Updog?
EKpQGSJtjMFqKZ9KQanSqYXRcF8fBopzLHYxdM65zcjm,$WIF,6,dogwifhat
BQ3F72yt9FVRgYrqCVCG3YohyBesDZ9bTuhGdmQ7GNEF,GROK,9,Grok
fLoeAqCfMiS3Uaj6aXSCGhf2ZE9znWz7WjTPCD2Rgnf,MMCC,2,Meerkat Millionaires Country Club
HbXTcNq8ExstVzfPVoXi45arRS6L6YXCsu5Wtv59AkqF,DECODR,2,SOL Decoder
4v3UTV9jibkhPfHi5amevropw6vFKVWo7BmxwQzwEwq6,OVOL,2,Ovols
nGFA7SfrfTDyn1ZaMdeNBi2tCtUNEyFMh99JQh37CKR,CTSx,2,Crypto Titans
2DvJPeiVhZTsAFHFQ99qZtwj9osoieB3wYYKRzm3ECAc,Runes,2,Runes
AVZvaDtfPnGbqRcsgH6eia381rPN3sExPtMs1TTnjaVq,BBYTES,2,BunnyBytes Golden Ticket
octo82drBEdm8CSDaEKBymVn86TBtgmPnDdmE64PTqJ,OTK,9,Octokn
jtojtomepa8beP8AuQc6eXt5FriJwfFMwQx2v2f9mCL,JTO,9,JITO
Dx1Lq5FjangW5ifRMEogAiakm24LyB5AoHmQifepvNjV,BabyBonk,9,Baby Bonk
J4ywFdm8H7hjwKzCaEQujhkDRfCnRviVnHMvFNDAoLNQ,SOUL,6,Soul Scanner
AT79ReYU9XtHUTF5vM6Q4oa9K8w7918Fp5SU7G1MDMQY,SPDR,9,SpiderSwap
LMFzmYL6y1FX8HsEmZ6yNKNzercBmtmpg2ZoLwuUboU,LMF,9,Lamas Finance
2wme8EVkw8qsfSk2B3QeX4S64ac6wxHPXb3GrdckEkio,sols,9,sols
88tmABf1s3A6jbLD2yLR1tgbGjz68fz3EDrbeSB1JPPc,BOK,9,BONKLANA
7EYnhQoR9YM3N7UoaKRoA44Uy8JeaZV3qyouov87awMs,SILLY,9,Silly Dragon
7ZCm8WBN9aLa3o47SoYctU6iLdj7wkGG5SV2hE5CgtD5,ELON,4,Dogelon (Wormhole)
6CNHDCzD5RkvBWxxyokQQNQPjFWgoHF94D7BmC73X6ZK,GECKO,6,Gecko
FkbWN4dcFQym2PgCELfThghQqLuA2e2jThMJyhZjfG4M,SBF,6,SBF
GtMtXoJiqSf8Gfp83cuunnDTiJTeTmv7cniVtJ6UAMWH,NVX,9,NovaDEX
5ritAPtFPqQtEFHcHVqNjR5oFNUJqcmgKtZyPd2AyLLy,KNOB,9,KNOB$
HzwqbKZw8HxMN6bF2yFZNrht3c2iXXzpKcFu7uBEDKtr,EURC,6,EURC
6gx6Ph2ek73kF6EWDrG4GQ54pcLJB6CYpATuRyxKXumo,fPHX,9,FillmorePHX
NeonTjSjsuo3rexg9o6vHuMXw62f9V7zvmu8M8Zut44,NEON,9,Neon EVM
7GCihgDB8fe6KNjn2MYtkzZcRjQy3t9GHdC8uHYmW2hr,POPCAT,9,Popcat
A1KLoBrKBde8Ty9qtNQUtq3C2ortoC3u7twggz7sEto6,USDY,6,Ondo US Dollar Yield
J9nsngni1Pavf4ijP4R9QBaD1yEzKzzUQ1vVgcDQT18J,POLYGONE,5,Polygone on SOL
coqRkaaKeUygDPhuS3mrmrj6DiHjeQJc2rFbT2YfxWn,BCOQ,5,BLACK COQINU
7DGJnYfJrYiP5CKBx6wpbu8F5Ya1swdFoesuCrAKCzZc,MELON,6,Melon Dog
HaP8r3ksG76PhQLTqR8FYBeNiQpejcFbQmiHbg787Ut1,TRUMP,8,MAGA (Wormhole)
5z3EqYQo9HiCEs3R84RCDMu2n7anpDMxRhdK8PSWmrRC,PONKE,9,PONKE
99ouK5YUK3JPGCPX9joNtHsMU7NPpU7w91JN4kdQ97po,AI,9,AI
3f7wfg9yHLtGKvy75MmqsVT1ueTFoqyySQbusrX1YAQ4,PbP,9,Pixel By Pixel
7atgF8KQo4wJrD5ATGX7t1V2zVvykPJbFfNeVf1icFv1,$CWIF,2,catwifhat
6VHL2vMKgrF1YQFSv29Rs1pj9VCRK29bD11NtDqerqHA,$SSHIB,5,SSHIB
9gwTegFJJErDpWJKjPfLr2g2zrE3nL1v5zpwbtsk3c6P,USEDCAR,9,A Gently Used 2001 Honda Civic
GHtLF7drbYXGTHX73uSxqPKkJUzDqcBNe2M9fzjJzr3j,STSHIP,8,StarShipðŸš€
4ynyx6BzY2XGFgjjun9Cruj1bSRo8FLsAqNnPsW6jDsu,EGG,9,EGG
E43qU77tnWDwN11o7TtaGMNpxCAqz8RZEZ7PcTCUXSim,SLO,9,SmoLanO
4jZXkSNgTQKCDb36ECZ6a2aNzcUniGcDeXgTdtM2HxAX,BORK,9,Bork
2ioyweEeV4xJCkFJvh868X9iP3L6Q31MVCawfbJLRTHq,WIFOUT,9,DOGWIFOUTHAT
7mmXL6Et4SbpDs2iXoZQ3oPEeXeAiyETxh1QjDNi5qnV,OMNI,8,OmniCat (Wormhole)
Fefecfi5DhahY51XqQTP2qjFGhnuoSjrVivL6k9Ercw6,DEFI,4,DegenerateFinance69Inu
JACSU5f2fCsQSCDNz1VX2Se4vmQyj8k5EYigD4RppvGV,JOEL,9,Joel
DxtssVdyYe4wWE5f5zEgx2NqtDFbVL3ABGY62WCycHWg,BRETT,9,Brett
3tS6fbLh2P8tzxXuqCiHZpZhsxJpmrR3Xb9psmypnp69,pepe,9,pepecoin on SOL
FYa25XnBsXQXAdTnsyKBKd5gZ1VZhChBRF57CqfRxJZX,monk,6,monkeyhaircut
31iQsahfa4CMiirU7REygBzuAWg4R4ah7Y4aDu9ZfXJP,SOLZILLA,4,Solzilla
LFG1ezantSY2LPX8jRz2qa31pPEhpwN9msFDzZw4T9Q,LFG,7,LessFnGas
AqEHVh8J2nXH9saV2ciZyYwPpqWFRfD2ffcq5Z8xxqm5,YAKU,9,Yaku
C7K4Tot6fnnNwhWpqw9H277QPcP56vHAEeXubRHDyCo9,Speero,6,Speero
6gnCPhXtLnUD76HjQuSYPENLSZdG8RvDB1pTLM5aLSJA,BSKT,5,Basket
7raHqUrZXAqtxFJ2wcmtpH7SQYLeN9447vD4KhZM7tcP,DED,2,DED
JxxWsvm9jHt4ah7DT9NuLyVLYZcZLUdPD93PcPQ71Ka,mockJUP,9,mockJUP
FLrgwxXaX8q8ECF18weDf3PLAYorXST5orpY34d8jfbm,CHINU,9,Chinu
BoZoQQRAmYkr5iJhqo7DChAs7DPDwEZ5cv1vkYC9yzJG,$BOZO,5,BOZO
HVbpJAQGNpkgBaYBZQBR1t7yFdvaYVp2vCQQfKKEN4tM,USDP,6,Pax Dollar
C4Kkr9NZU3VbyedcgutU6LKmi6MKz81sx6gRmk5pX519,VEUR,9,VNX Euro
AhhdRu5YZdjVkKR3wbnUDaymVQL2ucjMQ63sZ3LFHsch,VCHF,9,VNX Swiss Franc
SarosY6Vscao718M4A778z4CGtvcwcGef5M9MEH1LGL,SAROS,6,Saros
FaxYQ3LVXP51rDP2yWGLWVrFAAHeSdFF8SGZxwj2dvor,SWAG,2,swag coin
DG5bH1BnfjB5YL7Vt3GjykkUKf6maDUW3jYvdNa9eEVa,WUT,6,WUT
EkHr62PC6Y1axrLS7cR8YC4BZeW19mtHxQLCLMrf9vnq,CIRCLE,3,You Looked
LGNDeXXXaDDeRerwwHfUtPBNz5s6vrn1NMSt9hdaCwx,LEGEND,9,Legends of SOL
EJPtJEDogxzDbvM8qvAsqYbLmPj5n1vQeqoAzj9Yfv3q,bozoHYBRID,9,Bozo Hybrid
WENWENvqqNya429ubCdR81ZmD69brwQaaBYY6p3LCpk,WEN,5,Wen
BgJW7U1u2RY5XJk9uYb5AqFRzjMtqE7pw3kaf9iw9Ntz,$PELF,6,PELFORT
yomFPUqz1wJwYSfD5tZJUtS3bNb8xs8mx9XzBv8RL39,YOM,9,YOM
8Nd3TZJfxt9yYKiPiPmYp6S5DhLftG3bwSqdW3KJwArb,SPOODY,6,Spodermen
E5ZVeBMazQAYq4UEiSNRLxfMeRds9SKL31yPan7j5GJK,LDZ,9,Voodoo
45EgCwcPXYagBC7KqBin4nCFgEZWN7f3Y6nACwxqMCWX,Moutai,6,Moutai
JUPyiwrYJFskUPiHa7hkeR8VUtAeFoSYbKedZNsDvCN,JUP,6,Jupiter
7JhmUcZrrfhyt5nTSu3AfsrUq2L9992a7AhwdSDxdoL2,HMTR,0,HampterFi
Fxgdfsy1Z5Mvh53o69s2Ev6TGxtAJ1RQ5RJ5moCpKmQZ,SI,9,sealwifhat
ATRLuHph8dxnPny4WSNW7fxkhbeivBrtWbY6BfB4xpLj,ATR,9,Artrade Token
BFpchrNVhyTRzMNAg9QkiZfRN2vqRBwcYoTX8qgkbDvm,arab,9,Arab Cat
8W4qpyLx74vwBRewa3rVEPPVMnJ8VWMkCTWCTSYPQTDu,MEMES,6,MemeCoinDAOai
GTH3wG3NErjwcf7VGCoXEXkgXSHvYhx5gtATeeM5JAS1,WHALES,6,Whales Market
jucy5XJ76pHVvtPZb5TKRcGQExkwit2P5s4vY8UzmpC,jucySOL,9,Juicy SOL
BonK1YhkXEGLZzwtcvRTip3gAL9nCeQD7ppZBLXhtTs,bonkSOL,9,Bonk SOL
Dso1bDeDjCQxTrWHqUUi63oBvV7Mdm6WaobLbQ7gnPQ,dSOL,9,Drift Staked SOL
FS66v5XYtJAFo14LiPz5HT93EUMAHmYipCfQhLpU4ss8,SMOG,6,Smog
H1aN3vcvB68eaFPbMkoAss3vnfi4AhP5C2dpnrZzdBc7,MYRA,9,Myra
E1kvzJNxShvvWTrudokpzuc789vRiDXfXG3duCuY6ooE,DITH,9,Dither
METADDFL6wWMWEoKTFJwcThTbUmtarRJZjRpzUvkxhr,META,9,META
3ag1Mj9AKz9FAkCQ6gAEhpLSX8B2pUbPdkb9iBsDLZNB,HONK,9,Honk
DcUoGUeNTLhhzyrcz49LE7z3MEFwca2N9uSw1xbVi1gm,KPOP,9,K-Pop
AxaTJdRuuc3626FtPWdQCMcWPH6yzgxXKWbFCZN3TMgy,ASV,9,Asvoria
HXkbUADfocGyz2WrzJpjEfry8qyNDm5Kwiiq3Mz3tTi1,$RETIRE,6,Retire on Sol
HqLRjru6pD6GFGnQ7TwSSGQRuPhF8UZNey9T4yCsZzuq,SIZE,6,SIZE
HLptm5e6rTgh4EKgDpYFrnRHbjpkMyVdEeREEa2G7rf9,DUKO,6,Duko
AYyYgh3i43s1QSpvG4vwhJ6s3gewfN7uteFwYrswgMGw,HAGGORD,9,ps1 hagrid
7NQSHjuEGENZDWfSvPZz7oP2D6c5Jc3LjFC6uh179ufr,MOAI,9,:moyai:(MOAI)
G33s1LiUADEBLzN5jL6ocSXqrT2wsUq9W6nZ8o4k1b4L,MIM,9,Magic Internet Money
edge86g9cVz87xcpKpy3J77vbp4wYd9idEV562CCntt,edgeSOL,9,Edgevana Staked SOL
ACeWC77UeW2DBZMe7YBsuXoxLvk4dHMnPzneApau1Au6,AI,8,Any Inu (Wormhole)
8wXtPeU6557ETkp9WHFY1n1EcU6NxDvbAggHGsMYiHsB,GME,9,GameStop
Comp4ssDzXcLeu2MnLuGNNFC4cmLPMng8qWHPvzAMU1h,compassSOL,9,Compass SOL
DoxsC4PpVHiUxCKYeKSkPXVVVSJYzidZZJxW4XCFF2t,BONKFA,6,Bonk of America
8Qrc2pf9p24NyJVG1FagnqJXwKw6h5L5McxnMfJoUxev,EMMY,9,Emmy
63LfDmNb3MQ8mw9MtZ2To9bEA2M71kZUUGq5tiJxcqj9,GIGA,5,GIGACHAD
FcScaNdN3TRPMwcgqHj1E5GuEh1rNesBGVN5WtZuad1z,TWTR,9,Twitter
4vqYQTjmKjxrWGtbL2tVkbAU1EVAz9JwcYtd2VE3PbVU,WYNN,6,Anita Max Wynn
CPjDhhBpwEsLygNuczKcNwBPgMeni1xLomD48x51MyYU,BENJI,9,Taylor Swift's Cat
GyuP7chtXSRB6erApifBxFvuTtz94x3zQo3JdWofBTgy,D2X,3,D2
2FprjEk4MTSY9CxpKuENbGDdy69R15GHhtHpG5Durdbq,HorseMeat,9,Horse Meat
3XxvmED354933DwSPJuzB7SE9uiWpD1ErydDuhmbFRMk,DIP,6,doginthpool
HrLx8MLKegpbmbmWePZiuvf3AbJNx1CJyjBwUHwicEgW,NYXC,7,Nyxia Coin
8vRnnknwERunJEEDtEFoxzaxbxGnEY61FPbx8uTVKsUD,PIF,6,pepewifhat
EATGZHJViJsk7nEKkrdJicwNbfpkJfAtmrEmrjXR8NBj,POPDOG,6,PopDog
CzLWmvjtj5bp9YEWkzzBnuWovVtogeuchFu5GeFh68hB,Puri,9,Puri
H53UGEyBrB9easo9ego8yYk7o4Zq1G5cCtkxD3E3hZav,MXM,6,MXM
PzuaVAUH2tfxGZcbBR6kMxeJsBngnsPLFotGJNCtcsd,ZYN,8,ZynCoin (Wormhole)
GKZbA2gDzw3MoxbfRsnrJTNi5uBDrnrz9bq1pNnx6kv,GBOY,9,GameBoy
FbJpd8yhrGGkWVL1Ujf7qFvTw4uD4675k8CYk82LEKvZ,COMFY,8,SOCOMFY
FvER7SsvY5GqAMawf7Qfb5MnUUmDdbPNPg4nCa4zHoLw,PAJAMAS,9,The First Youtube Cat
BYATmZ7ry2pewxW3213sczJYB7ZJzPr921uvcRcJYYZQ,BYAT,9,Byat
A3eME5CetyZPBoWbRUwY3tSe25S6tb18ba9ZPbWk9eFJ,PENG,6,Peng
8bXZuG6NVuhdmGeMEjypYZGny48DgpZ68TvkvVTmFDdF,SAYLOR,9,Saylor
4MPA8WbyYtKiufXDSdckEoMPdN5XK1Xw9S9LSLMjK5Y4,Wojak,9,Wojak
EF23Avq2cTPnMVTfHacZ3SG5Z8misHmFA2gbt2rKqiYH,whoren,9,elizabath whoren
HfQuaLjMguh7vyZqqrWuVqpsjQd7tAPrzBWKqA3pDTH3,JENSEN,9,JENSEN HUANG
CQSzJzwW5H1oyWrp6QhfUKYYwyovbSiVDKnAxNfb1tJC,STAN,5,Stanley Cup Coin
ENoD8J2J6wNHkcJkvVBkwq5JMiR1oNBfBZRkoHCQogyT,AABL,6,Abble
CUwif1FiX5b3bwwb2n5Bm35AixvnR8LJjGUVmEwNZNgR,SOLY,9,Solamander
GdbyLsNKHKLXTZVEo8QrGKVmrexEeZUYvhpSfuZ9TdkC,RODAI,5,ROD.AI
8wzYfqeqkjBwYBHMacBVen8tSuJqXiDtsCgmjnUJDSKM,PORTNOY,6,PORTNOY
F47vvwFYuLioQsqEVAjqdY6Yihc8wVRiUcfHGcBR9XUs,ELGATO,6,el gato
5LafQUrVco6o7KMz42eqVEJ9LW31StPyGjeeu5sKoMtA,MUMU,6,Mumu the Bull
DeaKMzAeZja3Mh5okZE6WUvygLP3Lfuvm6Rg78HqXTz9,SOLNIC,6,Solnic
DLUNTKRQt7CrpqSX1naHUYoBznJ9pvMP65uCeWQgYnRK,SOLC,6,SolCard
9dwPiStDBwJJqC3QzMnjpJP7xohZbMVmHELFx3uy3KRq,NVDA,9,NVIDIA
Fch1oixTPri8zxBnmdCEADoJW2toyFHxqDZacQkwdvSP,HARAMBE,9,HARAMBE
947tEoG318GUmyjVYhraNRvWpMX7fpBTDQFBoJvSkSG3,CHAT,9,Solchat
7BgBvyjrZX1YKz4oh9mjb8ZScatkkwb8DzFx7LoiVkM3,SLERF,9,SLERF
nBZEcHSG771mRbi4y2sSgKjfDUH8jsM2Eo5fNcASLeU,ZOOMER,8,ZOOMER (Wormhole)
CsxCtA8usvWKdRhe7KhLU5GgwzYaLkoHsz1MKBVZ4W3M,WINR,8,WINR (Wormhole)
GRFKaABC518SqXMvBpAVYUZtVT3Nj4mYk7E7xU4gA5Rg,GOO,9,Silly Goose
9Ttyez3xiruyj6cqaR495hbBkJU6SUWdV6AmQ9MvbyyS,smole,6,smolecoin
6dKCoWjpj5MFU5gWDEFdpUUeBasBLK3wLEwhUzQPAa1e,CHEX,8,Chintai
2XPqoKfJitk8YcMDGBKy7CMzRRyF2X9PniZeCykDUZev,HUND,9,HUND
4LP5JKsyKC5pSAoodwcZnDCSK2ggsMcZvHKoo7HCPDCV,$SNOOPY,9,Snoopy
3psH1Mj1f7yUfaD5gh6Zj7epE8hhrMkMETgv5TshQA4o,boden,9,jeo boden
JDwzFSxcUvLubUb9xAuuZNvh4bbcEJcuM9TezpmRHVWF,doodoo,8,DooDoo (Wormhole)
E4Q5pLaEiejwEQHcM9GeYSQfMyGy8DJ4bPWgeYthn24v,ADA,9,Ada
picobAEvs6w7QEknPce34wAE4gknZA9v5tTonnmHYdX,picoSOL,9,picoSOL
GRJQtWwdJmp5LLpy8JWjPgn5FnLyqSJGNhn5ZnCTFUwM,clockSOL,9,Overclock SOL
HUBsveNpjo5pWqNkH57QzxjQASdTVXcSK7bVKTSZtcSX,hubSOL,9,SolanaHub staked SOL
strng7mqqc1MBJJV6vMzYbEqnwVGvKKGKedeCvtktWA,strongSOL,9,Stronghold LST
LnTRntk2kTfWEY6cVB8K9649pgJbt6dJLS1Ns1GZCWg,lanternSOL,9,Lantern Staked SOL
vSoLxydx6akxyMD9XEcPvGYNGq6Nn66oqVb3UkGkei7,vSOL,9,The Vault
3TWgDvYBL2YPET2LxnWAwsMeoA8aL4DutNuwat2pKCjC,KHAI,8,Kitten Haimer
D8r8XTuCrUhLheWeGXSwC3G92RhASficV3YA7B2XWcLv,BAG,9,catwifbag
A3t817aK6XkhqQA148bjXKWJMhBmP9t2d9caWvQNaHQR,CHURRO,6,CHURRO
BANXbTpN8U2cU41FjPxe2Ti37PiT5cCxLUKDQZuJeMMR,BANX,9,Banx
C8cNX2D1y3jqKpMFkQhP1gGbfvTEdeckZXLBKSN5z5KF,Mail,6,SolMail
T1oYbAejEESrZLtSAjumAXhzFqZGNxQ4kVN9vPUoxMv,$daumen,9,Daumenfrosch
AVLhahDcDQ4m4vHM4ug63oh7xc8Jtk49Dm5hoe9Sazqr,SOLAMA,6,Solama
8twuNzMszqWeFbDErwtf4gw13E6MUS4Hsdx5mi3aqXAM,SB,9,Solbank
5hmf8Jt9puwoqiFQTb3vr22732ZTKYRLRw9Vo7tN3rcz,BABY,6,Baby
EXA537HSBVpsFijENbt6Muuy9AADUN8dUmYKD4oKbjJE,EGG,9,Eggdog
5MBBsoCVddAuF8XixvCcXNbHAw6WfpZ8WyTKMmczxxRN,SHIB,9,SHIBA INU
REdaoGk6EcBVgXW7vHs9FnzWmkr3ba6eHRBBgEtLNWo,$RE,9,REdao
ukHH6c7mMyiWCf1b9pnWe25TSpkDDt3H5pQZgZ74J82,BOME,6,BOOK OF MEME
MEW1gQWJ3nEXg2qgERiKu7FAFj79PHvQVREQUzScPP5,MEW,5,cat in a dogs world
3XTp12PmKMHxB6YkejaGPUjMGBLKRGgzHWgJuVTsBCoP,BIRDDOG,9,Bird Dog
3W52uCb8NW8ruMF9mmJX3oKiYAjdPai4633srsZFQCS6,$BIAO,6,Biao Coin
Adq3wnAvtaXBNfy63xGV1YNkDiPKadDT469xF9uZPrqE,WIT,6,What in Tarnation?
Ch5JJQZspiJ9MCDURZAA8nnVvbiwD1tnPcfmkCcVPiDb,GRUMP,9,GRUMPY CAT
7njsg9BA1xvXX9DNpe5fERHK4zb7MbCHKZ6zsx5k3adr,FAM,9,Family
6D7NaB2xsLd7cauWu1wKk6KBsJohJmP2qZH9GEfVi5Ui,SC,6,Shark Cat
9mV4WUukVsva5wYcYW4veo34CNDiF44sh3Ji65JNdvh5,TRUNK,8,Elephant Money Stable (Wormhole)
EjzzyCSiLqjFDprpZj8e1zjXmcTG5HPGFRSEoWcJWHh9,INBRED,9,INBRED CAT
Pz1b7iALFqzsgdL9ca6P3NZvTXwSF1koaQqnNohVFcT,GARF,6,Garf
bobaM3u8QmqZhY1HwAtnvze9DLXvkgKYk3td3t8MLva,BOBAOPPA,6,Boba Oppa
HLnTNCG5RD7jYVduFc1pMCHiuApoWGn9LveqEFanQFZb,TREN,9,TREN
wo1zgt8rfrYpvdVi4nidoj1SYfcR4pQx69bmNv2JLhQ,EGG,9,JustAnEgg
J2LWsSXx4r3pYbJ1fwuX5Nqo7PPxjcGPpUb2zHNadWKa,DPLN,6,DePlan
SNApmcWQqj3Ny2YFkQmkELQnNgaXRu6KmnYSPiFZcLn,SNAP,6,SolSnap
4YK1njyeCkBuXG6phNtidJWKCbBhB659iwGkUJx98P5Z,DOLAN,6,Dolan Duck
DtgDZb83TqywcuBuWE89jx4k5Y7b6nQ4GYJq3Wd61JQQ,rogen,6,jeo rogen
DZvuAtqMdWzDHMGDpTkRmW2QBxstjCNTcobMDMpVuRDa,PIZZA,8,COSTCO PIZZA
8D1nUMJQam54o34Kj2knFhSTaWoehEr4mBc7LfiDdCqq,SHARBI,8,Sharbi
FbtRb4zF2u52FSnjLB79yRg73hbMVgSw9rC897shqzb4,MOGGO,9,MOGGO
D1wUhnzTDscCDRdxDwR4h82XkesXgQR4Q2zLhSuYJA5m,FLUXT,6,Flux Terminal
AYABiqKuTh9Va5Aqc6AujFevHwDGmECGQiFmKW5g3K4Z,LONG,5,Nobiko Coin
Bg9CZr1CmVoCn2uNWwj9f5rLbmfYRYvcVikCRCwawUwR,kenidy,9,ruburt f kenidy jr
3Gjckk5jXnJffBruUS2EEYhpiDEN6z5TPXLkFVHkSkkg,IMARO,6,IMARO
4nFwuKievw5wcpcXtUDdfxWLyXsEdvgkpENzC9M9Y5me,BOOK,6,Solbook
FUTURETnhzFApq2TiZiNbWLQDXMx4nWNpFtmvTf11pMy,FUTURE,9,Future
9hjZ8UTNrNWt3YUTHVpvzdQjNbp64NbKSDsbLqKR6BZc,ANUS,9,URANUS
EVDQN4P1YTTD1Y3eLBDBoALWnR4aMBC9y2xUYCrbGbuy,MOCHICAT,9,MOCHICAT
Av6qVigkb7USQyPXJkUvAEm4f599WTRvd75PUWBA9eNm,COST,9,Costco Hot Dog
85VBFQZC9TZkfaptBWjvUw7YbZjy52A6mjtPGjstQAmQ,W,6,Wormhole Token
BxXmDhM8sTF3QG4foaVM2v1EUvg9DLSVUsDRTjR8tMyS,TIMMI,6,TIMMI
8PMJczfs9W8TDKiNBD85AuqxE8tWACCDeUwxpUeadL3j,CEICAT,9,CEILING CAT
ZEUS1aR7aX8DFFJf5QjWj2ftDDdNTroMNGo8YoQm3Gq,ZEUS,6,ZEUS
ARt4N4WY4PEdYUuBG7qENwuYSSiQUqP1RXFiahhwfzH9,EGIRL,9,EGIRL
8rEEAvq6kujW2ukjYHfutH5eToAwsK4aaJ8p1ApoMs9g,SD,6,Shark Dog
5wU4tUcAbds7d5cmnGK2otHa9gbayYsD2mhz1reR6c91,LUIS,6,Tongue Cat
4G86CMxGsMdLETrYnavMFKPhQzKTvDBYGMRAdVtr72nu,$NAP,6,SNAP
ULwSJmmpxmnRfpu6BjnK6rprKXqD5jXUmPpS1FxHXFy,HEGE,9,Hege
2ubuHGFS4VJVxSEpvV3kDwz6JiuXdaAoGMwrwYC87tp8,MILKBAG,9,MILKBAG
A5LCTQ1vJECCQWSXJYs3rfCoexctbUgTCAEKDuNye8bZ,GMEOW,6,gmeow cat
XBMuuVZKHd6u8GyX6JakhjgpCA6h7FG28bXaWX2s51P,XBM,9,Beast Meme
chiPiQTvkQ7oPtAD7YLQaEeHmPqXCa2wcRQdwFNneTe,CHIPI,9,chipi
B8AmDZRJeHuq8CPciey6jocq9p4ivc4ZurDXPwtqs2Qg,Harold,6,Hide the pain Harold
2CMxmFb2nsNdw351TfZoawpN1DnDuVrH4Wn6fxH2EJT6,BarrTremp,6,Barron Tremp
aBvs3Zv9JYmvUCKqRJvGctDQSCt6R7NAMELid3FeqsQ,HAPPI,6,happi cat
EjmDTt8G3T725eFSV7oWmGD8J848guo3LZ1EB3RfwGSw,harold,9,harold
TNSRxcUxoT9xBG3de7PiJyTDYu7kskLqcpddxnEJAS6,TNSR,9,Tensor
jupSoLaHXQiZZTSfEWMTRRgpnyFm8f6sZdosWBjx93v,JupSOL,9,Jupiter Staked SOL
9niFQK8MsParjSxhYQ3Ys2a6zHmsEuKSB1M7wwdvZ7bj,CAW,0,crow with knife (Wormhole)
73xsLcBnLnc9bh81cqVKqj8uEyiarXng5ZwJuTbnVebG,WUF,4,Wuffi
6n7Janary9fqzxKaJVrhL9TG2F61VbAtwUMu1YZscaQS,Hobbes,6,Ansem's Cat
3Rcc6tMyS7ZEa29dxV4g3J5StorS9J1dn98gd42pZTk1,MIMANY,6,MIMANY
7cb67ev3jvBKaAH1tnVM8FL8WfQ96sa2TYByEXajqx8N,DAW,6,Dawkoins
PouWaap6bHZv1oT7T7rzRgQHTBD4nsWQRHGbB5hfDA6,POU,6,POU
gr1qPTo3tpMAxt59BftQo2uSfRHRuUZJaWLhR8ADtwz,DOCS,9,SolDocs
6ogzHhzdrQr9Pgv6hZ2MNze7UrzBMAFyBBWUYp1Fhitx,RETARDIO,6,RETARDIO
DM3Y4R7n1HGhP9AkNT6Ex4w1qQTpgq1TyujrMDX11FMT,BASC,9,BASC
remiG7sGaHWgrY7o6SXJW5CYi5A7kmKutyJz6x6hUsp,REMILIO,9,remilio
A53BzB7297SXdF6mguQQ8kzqjVYt8pUeHW5m1i8pD6hf,ANON,6,anon coin
26KMQVgDUoB6rEfnJ51yAABWWJND8uMtpnQgsHQ64Udr,HAMMY,6,SAD HAMSTER
3Lec18q7nPM62LQwqXG2ddiBTDrFCiNw1NEA1ehBZPgB,ANSEM,1,SoylanaManletCaptainZ
BAy5FmGzFwcVcZq1yXaDvF1mEAChF3MPtBLrUMBsnLN9,LSP,6,Lambo Space Princess
GtDZKAqvMZMnti46ZewMiXCa4oXF4bZxwQPoKzXPFxZn,nub,9,nubcat
VP9UaBXLM4KYRvyjisu65rz8BU5xNAbewU7LVmyU2x4,VCAT,9,Vibing Cat
2ZZaE2gNQSPZLEFiNzBewgQhj3wGpx4oDzuAawh4DHBB,BITARD,9,BITARD
M9i5xQz8Z2Ua3VHuBkjBSkP5HYwdetu7N9RP5VUsW4z,BEAVER,6,Chinese Beaver
8RGy4BZUEkW9dc2UEZ3QHYYdas66X63vazdZJezGJw5e,bul,7,bul
7m2TUkpPZCScBhPJnGjWjbh75KkDNnwAdd7i74m8awad,Ww3,6,World War 3
SHARKSYJjqaNyxVfrpnBN9pjgkhwDhatnMyicWPnr1s,SHARK,6,Sharky
5mbK36SZ7J19An8jFochhQS4of8g6BwUjbeCSxBSoWdp,$michi,6,michi
8J5e2FPmBJ1subEUeVkELpeBZv9aYUrMmfHys7sREeXr,CHEXBACCA,6,CHEXBACCA
8CkiSHHJDHJV4LUoiRMLUhqG58cUkbyJRtcP4Z3mCXNf,POWSCHE,9,POWSCHE
4LLbsb5ReP3yEtYzmXewyGjcir5uXtKFURtaEUVC2AHs,PRCL,6,Parcl
7x4FgiFfeqzs1tiUNvJzpt47GtLXAJ8Jfn8G1Hyyu6JH,SMILEK,6,Smilek
6iFUKWGDksVvmnSYJUGYnsu168xstni8xJkTF7QrpPAu,CANDLE,6,Candle Cat
4sp2EUDrQf46rZun6sYAWzjrXwUpx2T3njuoKmV766RJ,HAMI,9,HAMI
69kdRLyP5DTRkpHraaSZAQbWmAwzF9guKjZfzMXzcbAs,USA,6,American Coin
FjK6rqU6QzUeNtmK6QQ78cCuS5AHAhcm4HgJkdsvXaep,YOURAI,8,YOUR AI (Wormhole)
55bhM86E8brNHWy7sNz4chqtfQtrVGDvaeWyVczJs8RC,CDBD,6,COINDASHBOARD
A2khRbhRJNrAEHj95htivC4cR4VbJwfssDH5FPPbP4m9,duk,6,duk
F6qoefQq4iCBLoNZ34RjEqHjHkD8vtmoRSdw9Nd55J1k,SHIB,9,shibwifhat
8shTEDxbwvM2C9ELXNHsh8pmkoWovzJ3xgazQFWFapMx,$PUPPA,6,PUPPA
7p6RjGNZ7HLHpfTo6nh21XYw4CZgxXLQPzKXG72pNd2y,CIGGS,9,CHUNGHWA
4y3oUrsJfSp431R3wJrWiaLxRPsnYtpkVJmoV2bYpBiy,WIFE,6,wifejak
8m9fjYycXAFva1kScttQgsESVZT7yELhjZASqfHBuMa5,JOWNES,6,alux jownes
7hWcHohzwtLddDUG81H2PkWq6KEkMtSDNkYXsso18Fy3,CAT,3,Catcoin
3BgwJ8b7b9hHX4sgfZ2KJhv9496CoVfsMK2YePevsBRw,EPIK,6,TEH EPIK DUCK
25hAyBQfoDhfWx9ay6rarbgvWGwDdNqcHsXS3jQ3mTDJ,MANEKI,5,MANEKI
H7bTHGb5Cvo5fGe5jBDNDPUv8KykQnzyZA3qZ8sH7yxw,GUMMY,9,GUMMY
FoAnSCG6CcqTq2rsTi58yyYBNk1HgsbLzS6b1kTP2ACL,GOTTI,9,GOTTI
HB2pjBPuquh1XGEVC1GCKepdh4daoJnkJiHFmaorfBWu,Milady,9,Milady
EWMfSJgDCE7CXDAYz3hbCaA7NsFHTnddySXx3shco2Hs,STASH,6,STASH INU
7yqC6J7qxuRzWg1xHHBmcTLG6X1K7Y5DBYB49Ks8nGKf,CONUR,6,the keng is beck
FU1q8vJpZNUrmqsciSjp8bAKKidGsLmouB8CBdf8TKQv,tremp,9,doland tremp
pumpkinsEq8xENVZE6QgTS93EN4r9iKvNxNALS1ooyp,pumpkinSOL,9,Pumpkin's Staked SOL
pathdXw4He1Xk3eX84pDdDZnGKEme3GivBamGCVPZ5a,pathSOL,9,Pathfinders SOL
Gk2kRrwNMBU4Dn9JhC1Dks8G5X9nqi4ZE5jMvK6bdgEd,$PTRUMP,6,PepeTrump
DLvWoNT1d5iSX2T1aUUBzRdGbSef2xW3MwJBKtewVW6h,$gerta,6,gerta
AbrMJWfDVRZ2EWCQ1xSCpoVeVgZNpq1U2AoYG98oRXfn,Cheese,6,Cheese
9EYScpiysGnEimnQPzazr7Jn9GVfxFYzgTEj85hV9L6U,tooker,9,tooker kurlson
PFireKhT5WG7axMSLBmMRpvYH7cgHx9CRWHU8F8HNbr,PFIRE,6,Pepe On Fire
AUgdt7wjBifF9vZpde7BjU6HLroCYh4SUHYc7yhheECW,KIT,9,Kitsune
he1iusmfkpAdwvxLNGV8Y1iSbj4rUy6yMhEA3fotn9A,hSOL,9,Helius Staked SOL
7jmaTFBooHkaSrBJDftu3LcK85KPtqWTCaFZCDxQV7ZW,BOOMER,6,Boomers on Sol
BuxH23osRyFFLbWG3czrTsfBQYbxzVZ8f7QV4cjTHN5x,JOHN,6,John
5LwseQRo8fsz4S3y7jbqqe5C7tZTz5PwhXNCHj13jLBi,PESHI,6,PESHI
KMNo3nJsBXfcpJTVhZcXLW7RmTwTt4GVFE7suUBo9sS,KMNO,6,Kamino
DoyVgrZbkAVMbTVGqa9mFNgjThsr337vxjFtEDWQibN7,CNN,6,Fak Nous
HnKkzR1YtFbUUxM6g3iVRS2RY68KHhGV7bNdfF1GCsJB,KAMA,9,Kamala Horris
G3q2zUkuxDCXMnhdBPujjPHPw9UTMDbXqzcc2UHM3jiy,NICK,6,I CHOOSE RICH EVERYTIME!
TrumptpNNBEgVjDc8bnemRTNYZKhdsst9ujNAnTSHqp,maga,6,maek amuraca graet agun
VVWAy5U2KFd1p8AdchjUxqaJbZPBeP5vUQRZtAy8hyc,FLIPGG,9,Flip.gg | #1 Lootbox Game
GoxLaNFQiqnV97p7aRGP4ghvLZ4GwJN9NUNPpozvJZCV,OSAK,4,Osaka Protocol (Wormhole)
2JcXacFwt9mVAwBQ5nZkYwCyXQkRcdsYrDXn6hj22SbP,mini,6,mini
5Rs53fY3q4t4mLk9zBQ45cVNgF1RH7NqRNXiP6Pa5rYH,doky,6,Donkey King
zZRRHGndBuUsbn4VM47RuagdYt57hBbskQ2Ba6K5775,GREG,6,greg16676935420
AMjzRn1TBQwQfNAjHFeBb7uGbbqbJB7FzXAnGgdFPk6K,SOLCEX,6,SolCex
3fGoNjPohYRVPk9iJuwEW5WuURU5gmAdSRgNgeaanexQ,KEYDOG,6,keydog
29ad8JW1YcVT3mxcvxJpe3EzWqXCGD7KaSRWrc3TEMWG,SEAT,6,Cris Hensan
864YJRb3JAVARC4FNuDtPKFxdEsYRbB39Nwxkzudxy46,HABIBI,6,HABIBI
49ztDWXk7qEfz8Y1t8owmhLhewiA3ptVNPpRGAjRd8Wh,NYAN,2,Nyan Cat
43eeGP8k9AZKBSyd9iahhThNtE3vcZvBWMaHNd2akM5s,JUM,6,Jum Cromer
GvcNXdSehfNSNyhDVDj27kc459LzFqWozt9CSJywMy6r,CRODIE,9,Crodie
DEEZgP19ZPovNeWRJZw7KuNbkLH6xjNjZ4HsUJnmZv7J,NUTS,8,Deez Nuts
3dQTr7ror2QPKQ3GbBCokJUmjErGg8kTJzdnYjNfvi3Z,BORG,9,SwissBorg Token
n7EksMkvk3WT5FjQ3HBMLm9XYU3EnoXUSJ7PoWpxsoG,ZAZU,6,ZAZU
CEYNkwuEXU1KD3MN47NaMvHznPPimR15Sjfv6Y2r1SVw,KEKW,6,KEKW
3WPep4ufaToK1aS5s8BL9inzeUrt4DYaQCiic6ZkkC1U,GIKO,9,Giko Cat
BNT4uhSStq1beFADv3cq4wQAVfWB392PjAaxTBpNeWxu,MEDIA,6,Solmedia
9pPE1q9EW1bMQWbHmffrzUCfRr7S82UoxNUFfA6mAZC6,KEYCAT,9,Keyboard Cat
9EL3CHVQS3nwUFhyVT7AGbttRsbJ5UE8Qjnw5ZAtkUhr,GRAF,5,Smoking Giraffe
E9pBR4xjscYLPqFZ4YM4gUkczqz7MHpB6dk4sfSQTnJD,pussyinbio,6,Pussy In Bio
42o42KH1dzEDjqijWpWHcNtpmW42Hxzg7YbMs1h6A5r1,Pika,6,Pika
FwBixtdcmxawRFzBNeUmzhQzaFuvv6czs5wCQuLgWWsg,CHEEPEPE,6,cheepepe
E63CDwLy9Dwr3EptAzopV9RuWoQnn5ZVYEjLWnJX8dCw,BELUGA,9,Beluga Cat
4rUfhWTRpjD1ECGjw1UReVhA8G63CrATuoFLRVRkkqhs,ACHI,9,achi
AwRErBEFGTnohzfLeRSBH9HddQEy2oeRxnWLrbvFFh95,TRUMP,6,TRUMP
2xP43MawHfU7pwPUmvkc6AUWg4GX8xPQLTGMkSZfCEJT,NINJA,9,Shinobi
HodiZE88VH3SvRYYX2fE6zYE6SsxPn9xJUMUkW1Dg6A,HODI,9,Cat in Hoodie
acatzTjUeHDT3SoufN6NMxGUmBFtoqFHnFwusdw8kYX,acat,6,Apple Cat
Uiupt55owCqBJdunYQxyYf48KRMU4F53xQAyf31dpzx,MOTION,6,Motion
EDavhezsuNnhdoAKPExWaMtnuhq6FVqoBYnyFEJLLBqC,XIAO,6,xiaojie
4VC7UYqBo9Siw8ZnkPXfw9D3dzYCiVrPDzs9XRtyRJMH,Labz,9,Insane Labz
8doS8nzmgVZEaACxALkbK5fZtw4UuoRp4Yt8NEaXfDMb,$WAFFLES,6,WAFFLES
HmAgiwjjP9CXqK5wQNsHKtjAt2CH3Kv8Q7xH5kGL2nqZ,Barron,6,Time Traveler
dekNoN3D8mXa4JHLwTbVXz8aPAyJUkk443UjcSpJKi4,peanie,6,peanie
BZLbGTNCSFfoth2GYDtwr7e4imWzpR5jqcUuGEwr646K,IO,8,IO
GJgHsc1HU4ibmzW6oWQr8L2RRT95ATc1BoNuLkp94AwU,WBS,9,White Boy Summer
GTTS8jkhmfWBdYyKNSgbDQeYqVkpALkP98YJRGbRbvUA,XTV,9,XTV
2Pp6ebUvEL9YRTauUTmGTwYZKRfyQXGM9jE4S8WPDtEy,LAB,6,The Professor
3KroURETdWLyFReapbdh6nTWQgS7Y6rorLY8jb1pJXoM,MOOSK,6,elawn moosk
9jaZhJM6nMHTo4hY9DGabQ1HNuUWhJtm7js1fmKMVpkN,AMC,9,AMC
C1kzNkFfgdtP8VF1pFYA4S32RLPqk5KPaurCaQJwxfWb,MUZKI,6,MUZKI
DbM7mcJM9zitHanzKmFf7NH4SaEZZDCf5TPEgzwTmuh4,SVNN,6,Savanna Haus
6Ra49aqZTbEurJB1UQgAj1TjvbqajGP5um7gsTym8tWm,HUHCAT,9,huh cat
6Hfwp6Fht1pEtusLsDqKuovBisPbFVoA7jZQYeK1aMmG,FOFAR,9,FOFAR
HTPHknF5rBNCuZ1qK3muJA6Yo1HEhZj722oSESJnPBiw,Solala,9,Solala
2u98MM7DMtVmNG4iAKRNMtynjmkzgD6fXAzB3wVfhQvg,LFGO,6,Lets Fuckin Go
DriFtupJYLTosbwoN8koMbEYSx54aFAVLddWsbksjwg7,DRIFT,6,Drift
BG5Dp9gU5WbkHEaz6y95apb5NVPw3jC17M4ro27sgSXP,opple,9,steep jubs
5sMyPtYRcrEVt27DW3xhGVVha3zCXLv4caVt88PXjBgV,SCP,9,SCP
Ho2FQgg65oM1zpYuEnC8fULpBnWtqRCTrXRP56AeyCci,BEACH,9,Solana Beach
2VYVwrwSNM8WxbFdPU4KQpZUB9FWCenFFoDqvpHQ7rZE,CUFF,6,Jail Cat
A5gVj5j16U4vCTMXQYYrhkmWgx6gej4nAeZRNQMLUAfy,DJCAT,6,DJCAT
8EHC2gfTLDb2eGQfjm17mVNLWPGRc9YVD75bepZ2nZJa,$dicki,9,dicki
7bQsj9DciGXs6cTkhB3D1WbcEjuMpmD7amQRWjEVBpu,BCAT,6,Bodega Cat
8ULCkCTUa3XXrNXaDVzPcja2tdJtRdxRr8T4eZjVKqk,GOME,6,GAME OF MEMES
F9mv7XXbrXZb1sP2JUoswbCB3WHQM4QGMFDTVfnRZMnP,FRA,6,France Coin
E99fN4tCRb1tQphXK1DU7prXji6hMzxETyPNJro19Fwz,SOLCAT,6,CatSolHat
APoM2sXUzdRHTkUjXSsdUheX1wPPdP4HFLotmtRNMU8P,rot,6,brainrot
NYANpAp9Cr7YarBNrby7Xx4xU6No6JKTBuohNA3yscP,NYAN,9,NYAN
Fi5GayacZzUrfaCRCJtBz2vSYkGF56xjgCceZx5SbXwq,wifSOL,9,wifSOL
6e6rViDzavLRv56nvZye5UofrKDg36mf6dTQrMCoPTW9,CHEEKS,6,CHEEKS
7G7SMGV9nSG316ykk6iobjMZWa8GZb15Wd25kgaZGTaZ,$DTJR,6,Donald Trump Jr.
966vsqwoS3ZBrHesTyAvE7esFV2kaHaDFLLXs4asPdLJ,PICA,9,Picasso
AujTJJ7aMS8LDo3bFzoyXDwT3jBALUbu4VZhzZdTZLmG,$BEER,6,BEER
8vCAUbxejdtaxn6jnX5uaQTyTZLmXALg9u1bvFCAjtx7,ZACK,6,ZACK MORRIS
6PPskLwejGjiRbsrdTvPdo8Ayf6rERxvSezcPDA53TAP,MusCat,6,MusCat
2Zvo6bnwJtyXhsPgbcfajTrEtB7NwrJhK8mMmtEXvHHc,EDSE,9,Eddie Seal
EzYyFvUE2AepSxbtdDkkq5rWpN7bXhYzQphZ2gF4Y24R,BOXXY,6,Boxxy Coin
AwduJQUJoSCZm5BUdhF99iZkUTUGHU34TPft8w5kNbw1,MAGA,9,TRUMPâ€™S HAT
6bE23pRia6rvShfBhkFiWF5fRPWXyG6EYvoMvvLss91p,BZONE,6,BANANA ZONE
4oaV94McVveRosSgdZTn3jkMpr1ge7SQZjwBZ7xG6oA7,SNIFF,6,SNIFF
4GJ3TCt5mTgQT5BRKb14AkjddpFQqKVfphxzS3t4foZ9,jenner,6,Caitlyn Jenner
FeKmTunVrXDKEoDJbuTwZi8vfFFw3MHzpPB79JD8ARYU,FIW,6,777FuckIlluminatiWorldwide
sfYDFZJguyF4YLZjje7qwwh41NRymFfZ3QXZbVm7Eyg,MAGA,6,MAGA
5BKTP1cWao5dhr8tkKcfPW9mWkKtuheMEAU6nih2jSX,NoHat,6,DogWifNoHat
ECutGg12PNhqhkvnH1s1FcuXgCDzKDNhSf5aLtANioR7,APU,6,Apu Apustaja
921MoB1U7VprQfWw5D37a38LCBgB3nareT7rNffk66BG,MONKEY,4,Monkey
UPTx1d24aBWuRgwxVnFmX4gNraj3QGFzL3QqBgxtWQG,UPT,9,UPROCK
BKykA4H1s4717FhBGFhDXkKF4UzvvsWB4uxqHBWX8FUU,KENG,3,Keng Boldwen
2b1kV6DkPAnxd5ixfnxCpjxmKwqjjaYmCZfHsFu24GXo,PYUSD,6,PayPal USD
8npbXTu4oTNw3xrMGY1aTm4CtB7cMPVuRUCh3Wqj3fSW,STACKS,9,STACKS
DDGcYJkMMD1iiLRfPQLZePxLJCLDhiioQ83frmdAJd3h,TRUMPWIF,6,TRUMPWIFHAT
HiRx4TWNmuPK6VKxGKPSw8T7dZ9NuCrakpNpRoiCEyrA,MESSI,6,Lionel Messi
FV56CmR7fhEyPkymKfmviKV48uPo51ti9kAxssQqTDLu,WALTER,6,walter
3S8qX1MsMqRbiwKg2cQyx7nis1oHMgaCuc9c4VfvVdPN,MOTHER,6,MOTHER IGGY
FRySi8LPkuByB7VPSCCggxpewFUeeJiwEGRKKuhwpKcX,NATIX,6,NATIX Network
B5WTLaRwaUQpKk7ir1wniNB6m5o8GgMrimhKMYan2R6B,Pepe,6,Pepe
C3JX9TWLqHKmcoTDTppaJebX2U7DcUQDEHVSmJFz6K6S,Bazinga,6,Bazinga
8FA3TPf84h9gEZAxDhiLkMN4vvZcdEUZxmGadbo12auh,SCALES,5,SCALES
6NbnHQKD2dh4jswTLmMCP7LnSh4Nh6y2cNgdQg2ny9zW,BABYTRUMP,8,BABYTRUMP (Wormhole)
Dnb9dLSXxAarXVexehzeH8W8nFmLMNJSuGoaddZSwtog,COK,6,cok the cat
GaRph5BcLZZ4sRh6EXKS6V7dicVanhcwa5iWEE6AbEYR,tradebot,6,TradeBot
5jFJCvNgg8ytGWBygoquaUC6bMZyr7C5jmGHECBzrxR5,DVINCI,6,Davinci Jeremie
9XRpjZjhJPeWtUymiEWn3FW7uAnMeQca14ucTWWWyP2g,ARG,6,ArgentinaCoin
DTEqTxxGFn3SZ4C8tNP35X8iegCCgCBrX974WFSuYVZh,CROX,9,CROX
BavuJ8bntC79A8aHTxQi1EUhcCnqvEU8KSBE4sVCAaHc,DOUG,6,Doug The Duck
21BTCo9hWHjGYYUQQLqjLgDBxjcn8vDt4Zic7TB3UbNE,21BTC,8,21.co Wrapped Bitcoin
fuseYvhNJbSzdDByyTCrLcogsoNwAviB1WeewhbqgFc,fuseSOL,9,Fuse Staked SOL
DoVRzHXXicZucnuskdMg7DePhBHFkhvvhta5nf1deFoQ,WINE,6,Wine
8jnGePqBBq1KQfPvqA7zAZySiFTyy8tv2zA8u6nHhsdo,RPEPE,6,RoaringPepe
5cbq1HriesW4zHpFEk9Gc8UT4ccmfHcBTDCa2XcBduTo,ELIX,9,Elixir Games
BEgBsVSKJSxreiCE1XmWWq8arnwit7xDqQXSWYgay9xP,WYAC,6,WOMAN YELLING AT CAT
DtR4D9FtVoTX2569gaL837ZgrB6wNjj6tkmnX9Rdk9B2,aura,6,aura
Bx74hpFiaiBbSonrjyqxjGfAA7gRxM2CeKiy31uN6biR,gomu,6,gomu gator
Afo4NumBNHDXc7m7p6qjZ1pF3LbqYfG5k1CNrGve8rVu,FALX,9,FalconX
DcgDYp2AbHzCSsdhxTds887uk98wtTTA9fd2DLzNi6UZ,GMECAT,9,GME CAT
G3ukjeHBrDJ1zUFr6KandnW4bPcjmvK3qL2uATRb3F63,sboy,6,soulja coin
r8EXVDnCDeiw1xxbUSU7MNbLfbG1tmWTvigjvWNCiqh,DEADCO,9,DeadCoin
4h8LjZWUfUQVgbEZ29UzTuGXNW6rwrJis78ZU66ekkPV,TRUMP,9,Donald Trump
6U48jtR53ZK3E1MozLrpwJDTrtj74uuFhMGNzGY18YPu,SHARKI,9,sharki
5Wd2ALxQfnpgQKCyH4WL9giBiiuuLuJs84CJxfQccvmN,speed,9,real fast
A2PVd9wmEk9Ek9MFbF6VVBm4UiGYK24TCmE5oR2WDWGH,RICH,6,RICH
791hZNiCJy1qGSGzAvqUU8X6gejiBJ2mBV8JjYoVnzBR,GCR,6,GCRClassic
DXCoKQ7iLpux398fNHewQn6djfGobzFuPiR5o8hrVHAb,FATALITY,9,Fatality Coin
2fUFhZyd47Mapv9wcfXh5gnQwFXtqcYu9xAN4THBpump,RNT,6,REAL NIGGER TATE
7f94zk1EgfoeG57Vj5FtDDjMmPNHM4DYs7KRiyd2T4bA,ALMC,9,AWKWARD LOOK MONKEY CLUB
35fN6LMYt6cKsemgbR28nFooiJtcnvaKPCeRXyuMKfoF,PATS,6,PATS
fESbUKjuMY6jzDH9VP8cy4p3pu2q5W2rK2XghVfNseP,SOLANA,6,CatFrogDogShark
G2ShfTkHaPgY1YUqZzB611coeFpbhyGirzgGmyW5fEhV,UberJeets,6,Uber Jeets
8NH3AfwkizHmbVd83SSxc2YbsFmFL4m2BeepvL6upump,TOPG,6,TOP G
J8cKU4pD2NTSovvV5XghWHQiJy5TTEzgSyozorxz6ax8,$SOLO,9,Solordi
Bz7Nx1F3Mti1BVS7ZAVDLSKGEaejufxvX2DPdjpf8PqT,CHIPPY,6,FISH N CHIPS
FZnSMd1hPu5MVgttmtfDZUPN5gcuexvrh3CB67UuQshb,HELIA,6,StareCat
25p2BoNp6qrJH5As6ek6H7Ei495oSkyZd3tGb97sqFmH,soba,6,SolBastard
8XVXzmsMMw7ufa8RC21fHcDP6TGti5y3ZidQinnYurqr,SHOE,6,Laughing Shoe
FsA54yL49WKs7rWoGv9sUcbSGWCWV756jTD349e6H2yW,KOKO,6,KOALA AI
9dLuVbJMd4ZpTpFgmaFHAGSsFwVjtcnzFWaLAA1expHg,HEEHEE,6,HeeeHeee
8qYH37jFCVbGSjQPdMsf8TDwp1JHTjU1McA8GoCCpump,KARMA,9,Good Karma
9MBzpyMRkj2r5nTQZMMnxnCm5j1MAAFSYUtbSKjAF3WU,ZOOMER,9,Zoomer
G8Vy25NzjRmuQtnN35xF7j3X2Z1TrV39XijZu8Mg4w8n,COOK,6,Let Him Cook
CARL1SLwhaK4eaF633jgEgYgJ7UDJmTa9XGHfMgPud5e,CARL,6,Carl
6FVyLVhQsShWVUsCq2FJRr1MrECGShc3QxBwWtgiVFwK,BWB,8,Bitget Wallet Token
Dn7mshRUg4LEq1RfMLz27ViL2P16hn8p12bGBVZsiyak,FINDER,9,Gem Finder
6yjNqPzTSanBWSa6dxVEgTjePXBrZ2FoHLDQwYwEsyM6,Chud,6,Chudjak
4Cnk9EPnW5ixfLZatCPJjDB1PUtcRpVVgTQukm9epump,DADDY,6,DADDY TATE
Faf89929Ni9fbg4gmVZTca7eW6NFg877Jqn6MizT3Gvw,WOLF,8,LandWolf
6WErZ2aMZYLUyzbP9n5gm4fwHJbv9Ln8yimSQRwZpump,SHYCAT,6,ShyCat
CyUgNnKPQLqFcheyGV8wmypnJqojA7NzsdJjTS4nUT2j,gil,6,kith gil
FViMp5phQH2bX81S7Yyn1yXjj3BRddFBNcMCbTH8FCze,$TOAD,4,Toad
8VJ51bdE3xorQ1zB7FEa8CsHdM4kw77xCFiCgbnL2qbT,ANON,6,Anonymous
t3DohmswhKk94PPbPYwA6ZKACyY3y5kbcqeQerAJjmV,tTRIAD,6,Triad
9M26M7CxkJdaewdiH8v5kSiiXKbWBBirTE1QmXHmDvVg,Norm,6,Norman
AkVt31h8vgji5wF4nVbq1QmBV5wBoe8JdSoDTkDhQwEw,WSB,6,Wall Street Bets
9vrGUHwsC8LyLjQoh3zJb9S53x7A88u49La63qPB6F5t,lilpump,9,Lil Pump
71WsPPm44SUTWDfcCdLKsDezw4ZBXDrPjHz2rea7Lo97,DFTZ,7,DeFiTimeZ
9n8b1EXLCA8Z22mf7pjLKVNzuQgGbyPfLrmFQvEcHeSU,FLOCKA,6,Waka Flocka
GkJxELgJXpQRm7dfc2yS18vBDRxP5SjVJgbrmTGgpump,bicho,6,bicho
HRw8mqK8N3ASKFKJGMJpy4FodwR3GKvCFKPDQNqUNuEP,DJT,9,TrumpCoin
Fb2DefbdjKFPfmTnq4xnuZ9xdtVyXGsEAetoFmGLZQcc,PPT,8,PAPA Trump
3B5wuUrMEi5yATD7on46hKfej3pfmd7t1RKgrsN3pump,BILLY,6,BILLY
7gbEP2TAy5wM3TmMp5utCrRvdJ3FFqYjgN5KDpXiWPmo,DEVIN,6,SCOTT WU
9WPTUkh8fKuCnepRWoPYLH3aK9gSjPHFDenBq2X1Czdp,SELFIE,6,SelfieDogCoin
EPCz5LK372vmvCkZH3HgSuGNKACJJwwxsofW6fypCPZL,rkSOL,9,StaRKe SOL
3QJzpi68a3CUVPGVUjYLWziGKCAvbNXmC5VFNy1ypump,ZAZA,6,dog zoning out
GwyxednWbrhgT2K6iPUsbtadErA7TBGqsJjyzAody2mv,OPPIE,6,TOLYS CAT
BqhNdGtS1Nqtzi2MvZ7G8NN1vRuHZ12UpHGJKe71e1JT,TRUMP,9,MoonTrump
9GnU66c8qtMmj8rZ481N8Ums1Zmqdv5HgtQJyRVXt8MS,GAY,9,Gay Coin
J5tzd1ww1V1qrgDUQHVCGqpmpbnEnjzGs9LAqJxwkNde,FRN,6,FREE ROSS NOW
BWWWurbodjGbovFetc3FC6oSbqkdoE62E1XqZ7X4pump,SBAE,6,Salt Bae For The People
wxmJYe17a2oGJZJ1wDe6ZyRKUKmrLj2pJsavEdTVhPP,WXM,9,WeatherXM
B6h248NJkAcBAkaCnji889a26tCiGXGN8cxhEJ4dX391,$WATER,6,WATER
ANTT2Ve8c3JC6fAksFxUGtByzEHmJs49EupP7htA5W7j,ANTT,9,Antara Token
7dGbPgUxKpB5qWiLRKcTQSC3om1fPzUpgGAFfwej9hXx,GCR,9,Golden Celestial Ratio
5NHd3MsP6dXi9r1saPkeB2DoZyXLvPiqv4n9J54Cpump,DANNY,6,Degen Danny
4h49hPGphLNJNDRyiBwzvKoasR3rw1WJCEv19PhUbSS4,HELLO,9,Hello Token
F6TsRcjtLBzkdtZYqjTPVq9WtnwHMMc1WcQguEgCpump,Doogle,6,Doogle
8zFovnzXzK9JDiftGaw7wiRxARrRtvm9Lz12vJ8CZ5ZA,macho,5,macho
6SUryVEuDz5hqAxab6QrGfbzWvjN8dC7m29ezSvDpump,JASON,6,Jason Derulo
JD3S1oqnjG5trRTZXpLmKnS7LsKsppyFa51rPBBMWogv,capri,6,Caprisun Monkey
ZEXy1pqteRu3n13kdyh4LwPQknkFk3GzmMYMuNadWPo,ZEX,6,Zeta
piinKrjeiUVwhnXzsgNCV2aVGsBc4GwHQ9eCtkAgcTw,piin,6,piin
2yd2Suus3YY4Sa7LHhn1PSHkjXj3XKrars4cCog2tGU8,$INA,6,pepeinatux
82Rc22mnyHrmBGwj15rhYhFzVrU3bgFkjNtV3iHjpump,NCAT,6,Neuracat
imsoru6juztJ4pTJvPQaTnY766uEmCVc4AQJ8V1Yuvs,IMSO,9,Intergalactic
463SK47VkB7uE7XenTHKiVcMtxRsfNE2X4Q9wByaURVA,TSUKI,9,Tsuki
8Ki8DpuWNxu9VsS3kQbarsCWMcFGWkzzA8pUPto9zBd5,LOCKIN,9,LOCK IN
BX9yEgW8WkoWV8SvqTMMCynkQWreRTJ9ZS81dRXYnnR9,SPIKE,6,Spike
ChanGGuDHboPswpTmKDfsTVGQL96VHhmvpwrE4UjWssd,CHAN,9,memechan
5ycBARVYYau1CW8s1r6Ty439rbVvGm7x5DRkxGiGKmZ,JOEVER,9,It's Joever
F6ExBzKdLRcJkCAknQgfbhRXX78EhqoNxPnegJWPpump,BRETTGOLD,6,BRETT GOLD
HBoNJ5v8g71s2boRivrHnfSB5MVPLDHHyVjruPfhGkvL,PURPE,1,Purple Pepe
CQbXk942c6GPcRwtZ2WMFP5JcQ9NqbXtb8jUewBi7GoT,BAKED,6,BAKED
SENDdRQtYMWaQrBroBrJ2Q53fgVuq95CV9UPGEvpCxa,SEND,6,Send
CLoUDKc4Ane7HeQcPpE3YHnznRxhMimJ4MyaUqyHFzAu,CLOUD,9,Cloud
AvoecWraqX969kfXUF5XCCDz59sjRjiDa1KUDyj225t8,MINT,9,Mintify
stJUPZMmAWA1PNVPXCvqVK6MHABr4yFo5rv2JTethCa,stJUP,6,Staked Jupiter
